EVENTGROUPING,UUID,EVENTGROUPINGINDEX,CACHEDNAME,THUMBNAILPATH,POINTSFOR,POINTSTIED,POINTSAGAINST,CREATEDBY,SHAREABLE,ALLACCESS,ASSOCIATEDEVENT,EVENTGROUPINGTYPE,PARENTGROUP,OURSEASON,THEIRSEASON,VIEWCOUNT,CREATEDDATE,UPLOADDATE,SHARED,DEMO,SHAREERROR
5,4419f3e1-c987-4945-874d-52a3f7f05357,1,"Match: JV vs. NA on Mar 26, 2015",,0,0,2,kingleo008@yahoo.com,1,0,,4,,2,3,0,2015-03-26 17:55:59.998000,,0,0,0
6,6e53312b-483f-4770-b8ec-9f1c3e0b1de0,0,Game #1 @ 5:55:50 PM,,7,0,25,kingleo008@yahoo.com,1,0,3,5,5,2,3,0,2015-03-26 17:56:00.000000,,0,0,0
7,2e103db3-f96f-4a2c-ab74-b8bc09c17938,1,Game #2 @ 6:18:07 PM,,17,0,25,kingleo008@yahoo.com,1,0,4,5,5,2,3,0,2015-03-26 18:18:09.323000,,0,0,0
8,7b91c7ac-ceef-4f7e-bd06-6f1effc3090e,1,"Match: Varsity vs. NA on Mar 26, 2015",,3,0,0,kingleo008@yahoo.com,1,0,,4,,1,3,0,2015-03-26 19:00:57.652000,,0,0,0
9,5246002d-1edf-4581-8e4b-57405737fc77,0,Game #1 @ 7:00:52 PM,,25,0,14,kingleo008@yahoo.com,1,0,5,5,8,1,3,0,2015-03-26 19:00:57.655000,,0,0,0
10,3f49eed5-cbaf-42b2-a5f7-51e09e299149,1,Game #2 @ 7:28:18 PM,,25,0,14,kingleo008@yahoo.com,1,0,6,5,8,1,3,0,2015-03-26 19:28:20.120000,,0,0,0
11,8b83adfc-1e04-4f30-a523-febbec3e8f95,2,Game #3 @ 7:50:55 PM,,25,0,14,kingleo008@yahoo.com,1,0,7,5,8,1,3,0,2015-03-26 19:50:57.018000,,0,0,0
12,3d197544-7019-4a4d-afb8-670ad1045b8a,2,Tournament: Derry,,5,0,2,kingleo008@yahoo.com,1,0,,1,,1,,0,2015-03-28 08:41:39.995000,,0,0,0
13,0b9f5212-139c-47f0-b6e2-0191829c5c1d,0,"Match: Varsity vs. Latrobe on Mar 28, 2015",,2,0,0,kingleo008@yahoo.com,1,0,,2,12,1,4,0,2015-03-28 08:41:39.998000,,0,0,0
14,f776b59a-183e-41f5-9d24-9ef820b850b4,0,Game #1 @ 8:41:30 AM,,26,0,24,kingleo008@yahoo.com,1,0,8,3,13,1,4,0,2015-03-28 08:41:40.030000,,0,0,0
15,96dfb9cd-de60-4fd3-bfce-acbf7a0d8b72,1,Game #2 @ 9:03:09 AM,,25,0,21,kingleo008@yahoo.com,1,0,9,3,13,1,4,0,2015-03-28 09:03:11.672000,,0,0,0
18,55255394-7953-4945-a302-9dd38a3cbeef,1,"Match: Varsity vs. Shaler on Mar 28, 2015",,2,0,0,kingleo008@yahoo.com,1,0,,2,12,1,6,0,2015-03-28 13:35:46.913000,,0,0,0
19,6b62f8ac-2e6b-4e9a-b84c-57e352e5fad8,0,Game #1 @ 1:35:43 PM,,25,0,17,kingleo008@yahoo.com,1,0,11,3,18,1,6,0,2015-03-28 13:35:46.915000,,0,0,0
20,644334cc-e397-424a-b4dc-599ce118cac7,1,Game #2 @ 1:55:27 PM,,25,0,22,kingleo008@yahoo.com,1,0,12,3,18,1,6,0,2015-03-28 13:55:29.224000,,0,0,0
21,689f6cc9-f5f5-4e7b-92b6-060454dad6cd,2,"Match: Varsity vs. NA on Mar 28, 2015",,0,0,2,kingleo008@yahoo.com,1,0,,2,12,1,3,0,2015-03-28 15:06:28.461000,,0,0,0
22,35f4dad5-ab06-490d-b4fb-4c27f0ec4925,0,Game #1 @ 3:06:22 PM,,23,0,25,kingleo008@yahoo.com,1,0,13,3,21,1,3,0,2015-03-28 15:06:28.462000,,0,0,0
23,a232d2b2-ee99-47f6-a0e0-b2bb41072d45,1,Game #2 @ 3:29:41 PM,,23,0,25,kingleo008@yahoo.com,1,0,14,3,21,1,3,0,2015-03-28 15:29:43.181000,,0,0,0
24,40cf74d5-ae64-478f-8291-7729391166e7,3,"Match: Varsity vs. Deer Lakes on Mar 28, 2015",,1,0,0,kingleo008@yahoo.com,1,0,,2,12,1,7,0,2015-03-28 16:56:37.194000,,0,0,0
25,d5dcffc1-2654-459a-babe-bca37b90ed11,0,Game #1 @ 4:56:34 PM,,25,0,17,kingleo008@yahoo.com,1,0,15,3,24,1,7,0,2015-03-28 16:56:37.195000,,0,0,0
26,9311c150-35e4-47ee-8aac-5cb7402d6d98,4,"Match: Varsity vs. Derry on Mar 28, 2015",,1,0,0,kingleo008@yahoo.com,1,0,,2,12,1,8,0,2015-03-28 17:41:30.329000,,0,0,0
27,114ce9da-1cc1-4578-bc16-37bf0a523164,0,Game #1 @ 5:41:26 PM,,25,0,22,kingleo008@yahoo.com,1,0,16,3,26,1,8,0,2015-03-28 17:41:30.393000,,0,0,0
28,475154bb-bbf4-4e1f-ab63-9b1f2ffd511b,5,"Match: Varsity vs. Altoona on Mar 28, 2015",,1,0,0,kingleo008@yahoo.com,1,0,,2,12,1,9,0,2015-03-28 18:18:24.127000,,0,0,0
29,fb5ba3ee-baad-40ad-8345-0cf7501f184d,0,Game #1 @ 6:18:20 PM,,25,0,16,kingleo008@yahoo.com,1,0,17,3,28,1,9,0,2015-03-28 18:18:24.128000,,0,0,0
30,4c21b9bd-67a6-4ac0-97db-e6ee46eb7fef,6,"Match: Varsity vs. Penn Trafford on Mar 28, 2015",,0,0,1,kingleo008@yahoo.com,1,0,,2,12,1,10,0,2015-03-28 18:41:56.058000,,0,0,0
31,1a66fb78-a471-4886-887a-24eda6368607,0,Game #1 @ 6:41:50 PM,,23,0,25,kingleo008@yahoo.com,1,0,18,3,30,1,10,0,2015-03-28 18:41:56.059000,,0,0,0
32,5aa5f9f8-e2a6-425c-a93c-b757a4e0e184,2,"Match: JV vs. North Hills  on Apr 7, 2015",,2,0,0,kingleo008@yahoo.com,1,0,,4,,2,11,0,2015-04-07 18:02:29.408000,,0,0,0
33,3f28b4ae-6a94-435a-9d2e-72c6dfb3b2e1,0,Game #1 @ 6:02:11 PM,,25,0,18,kingleo008@yahoo.com,1,0,19,5,32,2,11,0,2015-04-07 18:02:29.410000,,0,0,0
34,5a2d7a2c-d295-4985-832f-ebf4fea960bb,1,Game #2 @ 6:24:35 PM,,25,0,21,kingleo008@yahoo.com,1,0,20,5,32,2,11,0,2015-04-07 18:24:36.929000,,0,0,0
35,edbfcd31-a12f-4bb5-a35c-2622c3a14634,3,"Match: Varsity vs. North Hills on Apr 7, 2015",,3,0,0,kingleo008@yahoo.com,1,0,,4,,1,11,0,2015-04-07 19:19:33.029000,,0,0,0
36,7b9cf911-cb0c-40f1-9f8b-c80a659666df,0,Game #1 @ 7:19:17 PM,,25,0,16,kingleo008@yahoo.com,1,0,21,5,35,1,11,0,2015-04-07 19:19:33.033000,,0,0,0
37,de146cde-8092-4d40-9f5a-0e45520fde15,1,Game #2 @ 7:47:28 PM,,25,0,13,kingleo008@yahoo.com,1,0,22,5,35,1,11,0,2015-04-07 19:47:34.259000,,0,0,0
38,fcf9d917-c837-4152-b515-b7955485b255,2,Game #3 @ 8:05:23 PM,,25,0,11,kingleo008@yahoo.com,1,0,23,5,35,1,11,0,2015-04-07 20:05:24.975000,,0,0,0
39,03e81f51-7ef9-4761-87f3-7cbd2e256953,3,"Match: JV vs. Seneca on Apr 9, 2015",,0,0,2,kingleo008@yahoo.com,1,0,,4,,2,12,0,2015-04-09 17:59:52.305000,,0,0,0
40,5c4fa2d3-1dc6-41ed-9e6c-8355fbeb18f2,0,Game #1 @ 5:59:38 PM,,12,0,25,kingleo008@yahoo.com,1,0,24,5,39,2,12,0,2015-04-09 17:59:52.307000,,0,0,0
41,c64cdf12-3550-4e6c-b242-5add45605d88,1,Game #2 @ 6:15:03 PM,,19,0,25,kingleo008@yahoo.com,1,0,25,5,39,2,12,0,2015-04-09 18:15:04.990000,,0,0,0
42,e9aa8454-ba57-4332-ac39-95405721a9a0,4,"Match: Varsity vs. Seneca on Apr 9, 2015",,3,0,0,kingleo008@yahoo.com,1,0,,4,,1,12,0,2015-04-09 18:37:59.920000,,0,0,0
43,39547f9a-8f1e-46ca-9acf-3f18fdd0dae9,0,Game #1 @ 6:37:50 PM,,25,0,21,kingleo008@yahoo.com,1,0,26,5,42,1,12,0,2015-04-09 18:37:59.921000,,0,0,0
44,0685f9b1-bf05-4a3c-8238-b341b0152bfd,1,Game #2 @ 7:29:57 PM,,25,0,22,kingleo008@yahoo.com,1,0,27,5,42,1,12,0,2015-04-09 19:29:59.852000,,0,0,0
45,77472477-dd62-4ed6-b1e2-77e169000013,2,Game #3 @ 7:55:42 PM,,25,0,13,kingleo008@yahoo.com,1,0,28,5,42,1,12,0,2015-04-09 19:55:45.830000,,0,0,0
46,09dd44a2-9ef9-444d-881d-f1417aed6435,5,Tournament: Fox Chapel,,5,3,0,kingleo008@yahoo.com,1,0,,1,,1,,0,2015-04-11 08:40:07.493000,,0,0,0
47,8644c966-5d69-456e-9914-1a3c1792882c,0,"Match: Varsity vs. USC on Apr 11, 2015",,2,0,0,kingleo008@yahoo.com,1,0,,2,46,1,13,0,2015-04-11 08:40:07.496000,,0,0,0
48,35b706ca-647f-40a7-ac94-2cf8e4b06b0f,0,Game #1 @ 8:39:45 AM,,26,0,19,kingleo008@yahoo.com,1,0,29,3,47,1,13,0,2015-04-11 08:40:07.498000,,0,0,0
49,59e4c7a3-3f7c-4a63-9645-35594eae3682,1,Game #2 @ 8:56:18 AM,,24,0,17,kingleo008@yahoo.com,1,0,30,3,47,1,13,0,2015-04-11 08:56:20.173000,,0,0,0
50,d24f1c55-88e7-4fd9-9573-88df7d7a1719,1,"Match: Varsity vs. Fort LeBoeuf on Apr 11, 2015",,1,0,1,kingleo008@yahoo.com,1,0,,2,46,1,14,0,2015-04-11 10:03:57.858000,,0,0,0
51,39b4009b-bfe7-489a-b6ef-28029143e146,0,Game #1 @ 10:03:14 AM,,25,0,22,kingleo008@yahoo.com,1,0,31,3,50,1,14,0,2015-04-11 10:03:57.858000,,0,0,0
52,d94bdf65-c3c9-466d-88df-74b90a0eb75d,1,Game #2 @ 10:28:35 AM,,19,0,25,kingleo008@yahoo.com,1,0,32,3,50,1,14,0,2015-04-11 10:28:36.777000,,0,0,0
53,4f76af6b-6f7d-42bf-8a37-b58de2e97344,2,"Match: Varsity vs. Bethel Park  on Apr 11, 2015",,2,0,0,kingleo008@yahoo.com,1,0,,2,46,1,15,0,2015-04-11 11:58:06.460000,,0,0,0
54,7093c14a-c2f3-47b2-a465-8b13756dc567,0,Game #1 @ 11:58:01 AM,,25,0,21,kingleo008@yahoo.com,1,0,33,3,53,1,15,0,2015-04-11 11:58:06.461000,,0,0,0
55,fd524cc4-a416-4633-91ee-3e9a9913203c,1,Game #2 @ 12:20:02 PM,,25,0,22,kingleo008@yahoo.com,1,0,34,3,53,1,15,0,2015-04-11 12:20:03.640000,,0,0,0
56,0d19b383-935e-4e3e-994a-ccafea264b10,3,"Match: Varsity vs. Saegertown on Apr 11, 2015",,1,0,1,kingleo008@yahoo.com,1,0,,2,46,1,16,0,2015-04-11 13:46:05.843000,,0,0,0
57,b81f261b-ac0b-4aae-9af4-a6e2fc5e0c7f,0,Game #1 @ 1:45:30 PM,,25,0,19,kingleo008@yahoo.com,1,0,35,3,56,1,16,0,2015-04-11 13:46:05.844000,,0,0,0
58,fa7dd53b-6f93-4e12-8a5e-10da64d236f1,1,Game #2 @ 2:06:14 PM,,19,0,25,kingleo008@yahoo.com,1,0,36,3,56,1,16,0,2015-04-11 14:06:15.342000,,0,0,0
59,03ccc4c5-8114-49e5-8bb0-183066f8e3a8,4,"Match: Varsity vs. Central York on Apr 11, 2015",,1,0,1,kingleo008@yahoo.com,1,0,,2,46,1,17,0,2015-04-11 15:22:53.045000,,0,0,0
60,0963797e-c006-47a4-b6e3-9b52ee05fa44,0,Game #1 @ 3:22:47 PM,,14,0,25,kingleo008@yahoo.com,1,0,37,3,59,1,17,0,2015-04-11 15:22:53.045000,,0,0,0
61,36f82e66-fdaa-478c-bbd8-bfb05a96b960,1,Game #2 @ 3:41:21 PM,,25,0,22,kingleo008@yahoo.com,1,0,38,3,59,1,17,0,2015-04-11 15:41:23.602000,,0,0,0
62,d5677422-f466-4a25-94a0-8c29aed0c8ca,5,"Match: Varsity vs. Pine Richland on Apr 11, 2015",,1,0,0,kingleo008@yahoo.com,1,0,,2,46,1,18,0,2015-04-11 16:44:48.067000,,0,0,0
63,173d35c6-e73a-4108-897d-731b93f02dc9,0,Game #1 @ 4:44:40 PM,,25,0,14,kingleo008@yahoo.com,1,0,39,3,62,1,18,0,2015-04-11 16:44:48.069000,,0,0,0
64,5d825e88-e6dd-4c01-b89b-4dca1b3f6749,6,"Match: Varsity vs. Saegertown on Apr 11, 2015",,1,0,0,kingleo008@yahoo.com,1,0,,2,46,1,16,0,2015-04-11 17:19:09.585000,,0,0,0
65,30ee9cfb-45d4-4faf-af4c-f056a60dff7a,0,Game #1 @ 5:19:04 PM,,28,0,26,kingleo008@yahoo.com,1,0,40,3,64,1,16,0,2015-04-11 17:19:09.586000,,0,0,0
66,bfff6164-e843-4888-b574-34991975b7ef,7,"Match: Varsity vs. Central York on Apr 11, 2015",,1,0,0,kingleo008@yahoo.com,1,0,,2,46,1,17,0,2015-04-11 17:54:37.407000,,0,0,0
67,9e698dc7-2e0a-4bde-9baa-d1b78263e127,0,Game #1 @ 5:54:33 PM,,30,0,28,kingleo008@yahoo.com,1,0,41,3,66,1,17,0,2015-04-11 17:54:37.408000,,0,0,0
70,94c511c3-f506-4339-8de3-ecbc8b280d51,4,"Match: JV vs. Butler on Apr 16, 2015",,0,0,2,kingleo008@yahoo.com,1,0,,4,,2,19,0,2015-04-16 18:04:10.990000,,0,0,0
71,7ec490b6-9102-408d-b5ea-433398a9113d,0,Game #1 @ 6:04:03 PM,,12,0,25,kingleo008@yahoo.com,1,0,43,5,70,2,19,0,2015-04-16 18:04:10.991000,,0,0,0
72,72b83de3-e552-4c22-a5e4-702144bd3bff,1,Game #2 @ 6:18:27 PM,,21,0,25,kingleo008@yahoo.com,1,0,44,5,70,2,19,0,2015-04-16 18:18:31.063000,,0,0,0
73,f433914e-59da-492f-ade6-4caecc61b427,7,"Match: Varsity vs. Butler on Apr 16, 2015",,3,1,0,kingleo008@yahoo.com,1,0,,4,,1,19,0,2015-04-16 19:16:38.042000,,0,0,0
74,0c578093-5b28-462d-ac52-447c1db445f8,0,Game #1 @ 7:15:53 PM,,25,0,11,kingleo008@yahoo.com,1,0,45,5,73,1,19,0,2015-04-16 19:16:38.046000,,0,0,0
75,78f7cf3e-ac30-4d0f-adcc-2976da56516a,1,Game #2 @ 7:35:23 PM,,0,1,0,kingleo008@yahoo.com,1,0,46,5,73,1,19,0,2015-04-16 19:35:24.218000,,0,0,0
76,1e3996bc-e872-40b5-9fdb-d7c6171d5510,2,Game #3 @ 7:35:51 PM,,26,0,24,kingleo008@yahoo.com,1,0,47,5,73,1,19,0,2015-04-16 19:36:41.672000,,0,0,0
77,01605e13-4fb3-4704-b730-076a942ed101,3,Game #4 @ 8:02:23 PM,,25,0,15,kingleo008@yahoo.com,1,0,48,5,73,1,19,0,2015-04-16 20:02:25.256000,,0,0,0
78,33cd3559-7bf1-4a43-9f27-5cac797adc5b,5,"Match: JV vs. Shaler on Apr 20, 2015",,2,0,0,kingleo008@yahoo.com,1,0,,4,,2,6,0,2015-04-20 17:56:00.172000,,0,0,0
79,9ce70086-d7f1-4532-b860-f3db51442dec,0,Game #1 @ 5:55:46 PM,,25,0,17,kingleo008@yahoo.com,1,0,49,5,78,2,6,0,2015-04-20 17:56:00.174000,,0,0,0
80,950ee4ae-82a6-4d52-9822-caca2af56be7,1,Game #2 @ 6:16:40 PM,,25,0,20,kingleo008@yahoo.com,1,0,50,5,78,2,6,0,2015-04-20 18:16:42.065000,,0,0,0
81,95add28c-da9b-4916-93e1-a68e4926b7d0,8,"Match: Varsity vs. Shaler on Apr 20, 2015",,3,0,0,kingleo008@yahoo.com,1,0,,4,,1,6,0,2015-04-20 19:05:15.335000,,0,0,0
82,16b0b2e8-f9be-465c-862e-91c74d30cba9,0,Game #1 @ 7:05:04 PM,,25,0,18,kingleo008@yahoo.com,1,0,51,5,81,1,6,0,2015-04-20 19:05:15.335000,,0,0,0
83,343fb75f-6fda-4f8c-91ef-e9d336ec85e0,1,Game #2 @ 7:31:42 PM,,25,0,20,kingleo008@yahoo.com,1,0,52,5,81,1,6,0,2015-04-20 19:31:43.676000,,0,0,0
84,5ca846bd-15c1-4fb6-9b6d-0c1d662f7406,2,Game #3 @ 7:54:34 PM,,25,0,16,kingleo008@yahoo.com,1,0,53,5,81,1,6,0,2015-04-20 19:54:35.888000,,0,0,0
85,0371b4dd-fe69-4bf6-9211-c27f493286c9,6,"Match: JV vs. NA on Apr 21, 2015",,0,0,2,kingleo008@yahoo.com,1,0,,4,,2,3,0,2015-04-21 17:59:15.788000,,0,0,0
86,da00598a-043f-4999-92b6-d5e623d36b4c,0,Game #1 @ 5:58:49 PM,,17,0,25,kingleo008@yahoo.com,1,0,54,5,85,2,3,0,2015-04-21 17:59:15.797000,,0,0,0
87,cc59bbdf-44fe-4205-9148-b32a1257c7a7,1,Game #2 @ 6:21:14 PM,,14,0,25,kingleo008@yahoo.com,1,0,55,5,85,2,3,0,2015-04-21 18:21:15.787000,,0,0,0
90,d2e861b2-b27f-418f-8964-bd09e31c3592,10,"Match: Varsity vs. NA on Apr 21, 2015",,3,0,1,kingleo008@yahoo.com,1,0,,4,,1,3,0,2015-04-21 19:16:49.593000,,0,0,0
91,7e6ea744-6461-436d-8140-495215b07aac,0,Game #1 @ 7:16:33 PM,,25,0,20,kingleo008@yahoo.com,1,0,57,5,90,1,3,0,2015-04-21 19:16:49.597000,,0,0,0
92,0d6d11fe-77a8-4251-8b77-4451fd1b303d,1,Game #2 @ 7:40:45 PM,,24,0,26,kingleo008@yahoo.com,1,0,58,5,90,1,3,0,2015-04-21 19:40:48.183000,,0,0,0
93,bdc571df-ead3-4808-9640-bd2621d056ce,2,Game #3 @ 8:12:37 PM,,25,0,12,kingleo008@yahoo.com,1,0,59,5,90,1,3,0,2015-04-21 20:12:43.986000,,0,0,0
94,4c33625f-c55c-462c-95c3-90a301bbd189,3,Game #4 @ 8:32:29 PM,,25,0,18,kingleo008@yahoo.com,1,0,60,5,90,1,3,0,2015-04-21 20:32:30.503000,,0,0,0
95,49acdb3e-e4de-4591-a39d-1844c27af9cc,7,"Match: JV vs. Pine Richland on Apr 23, 2015",,2,0,0,kingleo008@yahoo.com,1,0,,4,,2,18,0,2015-04-23 17:57:19.531000,,0,0,0
96,781fcf36-b752-4041-85bc-35571ea09582,0,Game #1 @ 5:56:54 PM,,25,0,23,kingleo008@yahoo.com,1,0,61,5,95,2,18,0,2015-04-23 17:57:19.532000,,0,0,0
97,ab2418bc-4627-449d-b8ff-5926ea77e739,1,Game #2 @ 6:25:08 PM,,25,0,19,kingleo008@yahoo.com,1,0,62,5,95,2,18,0,2015-04-23 18:25:09.806000,,0,0,0
98,67beed45-0e34-45af-8f28-11b592be0e69,11,"Match: Varsity vs. Pine Richland on Apr 23, 2015",,3,0,0,kingleo008@yahoo.com,1,0,,4,,1,18,0,2015-04-23 19:15:23.561000,,0,0,0
99,67262e9e-a8ed-425c-83e9-79a8e477c03c,0,Game #1 @ 7:15:14 PM,,25,0,16,kingleo008@yahoo.com,1,0,63,5,98,1,18,0,2015-04-23 19:15:23.562000,,0,0,0
100,e9cdb42b-2470-4719-b4f5-5c790f86ced3,1,Game #2 @ 7:41:05 PM,,25,0,21,kingleo008@yahoo.com,1,0,64,5,98,1,18,0,2015-04-23 19:41:06.905000,,0,0,0
101,00c14090-a85a-4d64-8999-87f1fe3b4435,2,Game #3 @ 8:05:18 PM,,25,0,14,kingleo008@yahoo.com,1,0,65,5,98,1,18,0,2015-04-23 20:05:19.834000,,0,0,0
102,4b1625bf-90c6-4654-8b52-64ede7f36ee3,12,Tournament: Plum,,8,1,0,kingleo008@yahoo.com,1,0,,1,,1,,0,2015-04-25 08:40:37.371000,,0,0,0
103,44a1d478-d162-4738-8cde-14758a5053b5,0,"Match: Varsity vs. Central Catholic on Apr 25, 2015",,1,0,1,kingleo008@yahoo.com,1,0,,2,102,1,20,0,2015-04-25 08:40:37.373000,,0,0,0
104,a1748b24-00e5-49cd-b956-bdf489de8806,0,Game #1 @ 8:40:20 AM,,25,0,17,kingleo008@yahoo.com,1,0,66,3,103,1,20,0,2015-04-25 08:40:37.375000,,0,0,0
105,08dde5ae-8e6c-4d24-a50a-f8c674ef05e9,1,Game #2 @ 8:56:58 AM,,28,0,30,kingleo008@yahoo.com,1,0,67,3,103,1,20,0,2015-04-25 08:56:59.500000,,0,0,0
106,4881f22f-069e-4425-bfef-b9571d95a453,1,"Match: Varsity vs. Montour on Apr 25, 2015",,2,0,0,kingleo008@yahoo.com,1,0,,2,102,1,21,0,2015-04-25 10:14:28.569000,,0,0,0
107,92299c89-d6b8-46d8-97db-a662ccb551cf,0,Game #1 @ 10:14:21 AM,,25,0,17,kingleo008@yahoo.com,1,0,68,3,106,1,21,0,2015-04-25 10:14:28.570000,,0,0,0
108,c5c5fae5-7203-4e20-9149-5bba6c80093f,1,Game #2 @ 10:30:40 AM,,25,0,20,kingleo008@yahoo.com,1,0,69,3,106,1,21,0,2015-04-25 10:30:41.224000,,0,0,0
109,58b77543-4a3f-4d80-9fe4-072d67f7009a,2,"Match: Varsity vs. Norwin on Apr 25, 2015",,2,0,0,kingleo008@yahoo.com,1,0,,2,102,1,22,0,2015-04-25 12:31:42.555000,,0,0,0
110,184efbb3-b057-4251-9ae7-35dbf216bf6c,0,Game #1 @ 12:31:35 PM,,25,0,17,kingleo008@yahoo.com,1,0,70,3,109,1,22,0,2015-04-25 12:31:42.556000,,0,0,0
111,a053491e-ad5a-4051-9984-cabfcfa7412e,1,Game #2 @ 12:46:27 PM,,25,0,19,kingleo008@yahoo.com,1,0,71,3,109,1,22,0,2015-04-25 12:46:50.879000,,0,0,0
112,3393f86f-d9a5-4249-a9b4-30db1f5d4885,3,"Match: Varsity vs. Fort LeBoeuf on Apr 25, 2015",,1,0,0,kingleo008@yahoo.com,1,0,,2,102,1,14,0,2015-04-25 13:32:17.495000,,0,0,0
113,53a83396-cbaa-4317-855d-5459855ac53f,0,Game #1 @ 1:32:13 PM,,25,0,16,kingleo008@yahoo.com,1,0,72,3,112,1,14,0,2015-04-25 13:32:17.495000,,0,0,0
114,66727ed0-61f8-4af3-b4e0-1e9f9fe9022a,4,"Match: Varsity vs. Plum on Apr 25, 2015",,1,0,0,kingleo008@yahoo.com,1,0,,2,102,1,23,0,2015-04-25 14:28:06.679000,,0,0,0
115,cf43324d-34f3-449b-8919-e337bfff2169,0,Game #1 @ 2:28:02 PM,,25,0,16,kingleo008@yahoo.com,1,0,73,3,114,1,23,0,2015-04-25 14:28:06.680000,,0,0,0
116,2735d7a0-60e8-4c96-a273-cf98378b3842,5,"Match: Varsity vs. Derry on Apr 25, 2015",,1,0,0,kingleo008@yahoo.com,1,0,,2,102,1,8,0,2015-04-25 15:52:44.613000,,0,0,0
117,2d59072f-c6a0-4cba-a7da-35d280540f19,0,Game #1 @ 3:52:40 PM,,25,0,18,kingleo008@yahoo.com,1,0,74,3,116,1,8,0,2015-04-25 15:52:44.614000,,0,0,0
118,656cafb5-71ba-4753-8893-3e367b6c1571,6,"Match: Varsity vs. Deer Lakes on Apr 25, 2015",,1,0,0,kingleo008@yahoo.com,1,0,,2,102,1,7,0,2015-04-25 17:06:54.346000,,0,0,0
119,097e2d94-1552-467a-8874-5eaa495af878,0,Game #1 @ 5:06:46 PM,,25,0,10,kingleo008@yahoo.com,1,0,75,3,118,1,7,0,2015-04-25 17:06:54.347000,,0,0,0
120,066315e1-8176-481e-a597-35d8617e0d17,7,"Match: Varsity vs. Plum on Apr 25, 2015",,1,0,0,kingleo008@yahoo.com,1,0,,2,102,1,23,0,2015-04-25 18:06:44.162000,,0,0,0
121,08d52cbf-5783-4e47-a6db-0f519f5c5232,0,Game #1 @ 6:06:38 PM,,25,0,15,kingleo008@yahoo.com,1,0,76,3,120,1,23,0,2015-04-25 18:06:44.163000,,0,0,0
122,50ccf302-580e-46f5-815d-69ae3c3d35ce,8,"Match: Varsity vs. Butler on Apr 25, 2015",,1,0,0,kingleo008@yahoo.com,1,0,,2,102,1,19,0,2015-04-25 18:29:59.459000,,0,0,0
123,4899bb4b-f978-43f6-a5c4-8266deb2223c,0,Game #1 @ 6:29:36 PM,,25,0,13,kingleo008@yahoo.com,1,0,77,3,122,1,19,0,2015-04-25 18:29:59.460000,,0,0,0
124,a233e4b5-b757-40d1-8729-201786e04a19,13,"Match: Varsity vs. Shaler on Apr 28, 2015",,3,0,0,kingleo008@yahoo.com,1,0,,4,,1,6,0,2015-04-28 19:16:46.232000,,0,0,0
125,f23ea6e4-45a5-45c1-a29e-b43ae5a5213f,0,Game #1 @ 7:16:38 PM,,25,0,19,kingleo008@yahoo.com,1,0,78,5,124,1,6,0,2015-04-28 19:16:46.234000,,0,0,0
126,3abd2277-6b70-44d3-b955-1bdf15e6c153,1,Game #2 @ 7:40:52 PM,,25,0,13,kingleo008@yahoo.com,1,0,79,5,124,1,6,0,2015-04-28 19:40:53.940000,,0,0,0
127,13901026-1d02-4c66-b570-4c9fc405ae34,2,Game #3 @ 8:02:14 PM,,25,0,17,kingleo008@yahoo.com,1,0,80,5,124,1,6,0,2015-04-28 20:02:15.646000,,0,0,0
128,ddd1afcf-9bbd-4492-a880-2bc9defc968f,14,"Match: Varsity vs. North Hills  on Apr 30, 2015",,3,0,0,kingleo008@yahoo.com,1,0,,4,,1,11,0,2015-04-30 19:47:08.616000,,0,0,0
129,ec45f850-a5d1-43eb-b098-87a97d6a9b01,0,Game #1 @ 7:46:59 PM,,25,0,10,kingleo008@yahoo.com,1,0,81,5,128,1,11,0,2015-04-30 19:47:08.618000,,0,0,0
130,3d1e0499-d77e-4af8-a657-ff86a2ca8301,1,Game #2 @ 8:04:37 PM,,25,0,19,kingleo008@yahoo.com,1,0,82,5,128,1,11,0,2015-04-30 20:04:55.880000,,0,0,0
131,afbe7254-74b8-4ec9-921f-19759925afde,2,Game #3 @ 8:26:12 PM,,25,0,18,kingleo008@yahoo.com,1,0,83,5,128,1,11,0,2015-04-30 20:26:16.393000,,0,0,0
132,68ce8302-a8fd-4fcc-a1e4-b19a5ea43350,8,"Match: JV vs. USC on May 4, 2015",,1,1,1,kingleo008@yahoo.com,1,0,,4,,2,13,0,2015-05-04 18:03:42.473000,,0,0,0
133,b098ddc3-5094-4ced-a47d-ec0d226ccf8f,0,Game #1 @ 6:03:31 PM,,15,0,25,kingleo008@yahoo.com,1,0,84,5,132,2,13,0,2015-05-04 18:03:42.478000,,0,0,0
134,bd3a18c3-d583-4baa-ae39-e10c20d24989,1,Game #2 @ 6:22:01 PM,,25,0,19,kingleo008@yahoo.com,1,0,85,5,132,2,13,0,2015-05-04 18:22:05.253000,,0,0,0
135,aa188c22-a119-4cb4-a854-96f81780b069,2,Game #3 @ 6:45:12 PM,,13,0,13,kingleo008@yahoo.com,1,0,86,5,132,2,13,0,2015-05-04 18:45:52.650000,,0,0,0
136,0e5ac4e4-cb79-4170-8f90-1291ad4f9a85,15,"Match: Varsity vs. USC on May 4, 2015",,3,0,0,kingleo008@yahoo.com,1,0,,4,,1,13,0,2015-05-04 19:54:09.532000,,0,0,0
137,7bd4b80e-82bc-4a87-94da-81122ef656dc,0,Game #1 @ 7:54:05 PM,,25,0,13,kingleo008@yahoo.com,1,0,87,5,136,1,13,0,2015-05-04 19:54:09.536000,,0,0,0
139,402ac298-9c2a-4a59-98a8-51e63e28c0ee,1,Game #2 @ 8:17:26 PM,,25,0,20,kingleo008@yahoo.com,1,0,89,5,136,1,13,0,2015-05-04 20:17:28.025000,,0,0,0
140,656f8d7e-1b68-4d7e-a3c3-b5cab7796104,2,Game #3 @ 8:40:52 PM,,25,0,19,kingleo008@yahoo.com,1,0,90,5,136,1,13,0,2015-05-04 20:40:53.291000,,0,0,0
141,73c31a2a-aac6-45ee-ba91-b659e96ff449,9,,,0,0,2,kingleo008@yahoo.com,1,0,,4,,2,12,0,2015-05-05 17:58:41.709000,,0,0,0
142,91409330-7929-4b1c-a427-95fa34640ae5,0,Game #1 @ 5:58:28 PM,,19,0,25,kingleo008@yahoo.com,1,0,91,5,141,2,12,0,2015-05-05 17:58:41.730000,,0,0,0
143,1df42f21-b4de-4757-9358-b9cf079d4c71,1,,,21,0,25,kingleo008@yahoo.com,1,0,92,5,141,2,12,0,2015-05-05 18:22:14.927000,,0,0,0
144,296c8f24-ac40-433c-9ae1-635f39565fff,16,"Match: Varsity vs. Seneca Valley on May 5, 2015",,2,0,3,kingleo008@yahoo.com,1,0,,4,,1,24,0,2015-05-05 19:25:41.054000,,0,0,0
145,dd7426b1-db45-4c79-86b3-08c7aac3f98c,0,Game #1 @ 7:25:31 PM,,25,0,23,kingleo008@yahoo.com,1,0,93,5,144,1,24,0,2015-05-05 19:25:41.059000,,0,0,0
146,7df22db1-1304-4965-838a-51fcfd517391,1,Game #2 @ 7:58:28 PM,,21,0,25,kingleo008@yahoo.com,1,0,94,5,144,1,24,0,2015-05-05 19:58:34.669000,,0,0,0
147,c6403639-c595-4d70-b649-3da6e7992ce7,2,Game #3 @ 8:23:43 PM,,25,0,23,kingleo008@yahoo.com,1,0,95,5,144,1,24,0,2015-05-05 20:23:44.749000,,0,0,0
148,f3fc5647-99b4-4321-bd28-d50c6e2174e0,3,Game #4 @ 8:50:40 PM,,20,0,25,kingleo008@yahoo.com,1,0,96,5,144,1,24,0,2015-05-05 20:50:41.408000,,0,0,0
149,05f59ddf-4a59-432b-b227-3897fe3c9a7a,4,Game #5 @ 9:11:41 PM,,13,0,15,kingleo008@yahoo.com,1,0,97,5,144,1,24,0,2015-05-05 21:11:42.593000,,0,0,0
150,1353ae32-ae8e-4dbd-9910-baa75f4830c8,17,"Match: Varsity vs. Bethel Park  on May 8, 2015",,3,0,1,kingleo008@yahoo.com,1,0,,4,,1,15,0,2015-05-08 18:32:15.498000,,0,0,0
151,080da4c8-ec97-4845-9a26-2479f3eea471,0,Game #1 @ 6:31:59 PM,,25,0,16,kingleo008@yahoo.com,1,0,98,5,150,1,15,0,2015-05-08 18:32:15.504000,,0,0,0
152,859a3d91-5d9b-496d-b7b0-c8a521264668,1,Game #2 @ 6:54:56 PM,,25,0,19,kingleo008@yahoo.com,1,0,99,5,150,1,15,0,2015-05-08 18:54:58.790000,,0,0,0
153,3c3b51bd-67b0-4af2-a0d6-665bce047599,2,Game #3 @ 7:18:07 PM,,20,0,25,kingleo008@yahoo.com,1,0,100,5,150,1,15,0,2015-05-08 19:18:10.259000,,0,0,0
154,f45a99cf-fb3c-466c-9652-774f364f6916,3,Game #4 @ 7:42:48 PM,,25,0,21,kingleo008@yahoo.com,1,0,101,5,150,1,15,0,2015-05-08 19:42:49.992000,,0,0,0
155,19de0517-8785-4437-bd69-7ad78470e319,18,"Match: Varsity vs. USC on May 14, 2015",,3,0,0,kingleo008@yahoo.com,1,0,,4,,1,13,0,2015-05-14 20:04:46.732000,,0,0,0
156,6262622b-5700-4ad5-9392-a6893baf3465,0,Game #1 @ 8:04:32 PM,,25,0,11,kingleo008@yahoo.com,1,0,102,5,155,1,13,0,2015-05-14 20:04:46.738000,,0,0,0
157,e6a6984a-6301-4de0-b8b1-339a32632a67,1,Game #2 @ 8:23:40 PM,,25,0,15,kingleo008@yahoo.com,1,0,103,5,155,1,13,0,2015-05-14 20:23:41.354000,,0,0,0
158,79f77ff8-2166-4172-b6e7-8fe59a0ef7d3,2,Game #3 @ 8:43:38 PM,,25,0,16,kingleo008@yahoo.com,1,0,104,5,155,1,13,0,2015-05-14 20:43:40.554000,,0,0,0
159,7d28d2a2-a2f5-4015-87aa-110956241945,19,"Match: Varsity vs. Plum on May 19, 2015",,3,0,2,kingleo008@yahoo.com,1,0,,4,,1,23,0,2015-05-19 19:54:41.965000,,0,0,0
160,a7a28187-546f-489d-851b-d128cbf3266a,0,Game #1 @ 7:54:37 PM,,25,0,11,kingleo008@yahoo.com,1,0,105,5,159,1,23,0,2015-05-19 19:54:41.968000,,0,0,0
161,4a4cb571-1c7f-4a11-8f92-83f9c170aa45,1,Game #2 @ 8:13:27 PM,,25,0,23,kingleo008@yahoo.com,1,0,106,5,159,1,23,0,2015-05-19 20:13:29.184000,,0,0,0
162,6dc03bda-bdfc-4fa1-bcde-72b78247944c,2,Game #3 @ 8:37:39 PM,,23,0,25,kingleo008@yahoo.com,1,0,107,5,159,1,23,0,2015-05-19 20:37:41.212000,,0,0,0
163,f59a6499-4466-4e57-b9dc-071385b99e4d,3,Game #4 @ 9:03:34 PM,,21,0,25,kingleo008@yahoo.com,1,0,108,5,159,1,23,0,2015-05-19 21:03:35.877000,,0,0,0
164,5d442082-66ef-496a-8bad-410cc6798987,4,Game #5 @ 9:27:25 PM,,15,0,7,kingleo008@yahoo.com,1,0,109,5,159,1,23,0,2015-05-19 21:27:26.706000,,0,0,0
165,62af54c3-5cad-489f-8495-c6d3b44e41b4,20,"Match: Varsity vs. Seneca Valley on May 22, 2015",,3,0,1,kingleo008@yahoo.com,1,0,,4,,1,24,0,2015-05-22 20:29:36.021000,,0,0,0
166,84ed891a-902b-48a1-82e3-33d684e34925,0,Game #1 @ 8:29:25 PM,,25,0,13,kingleo008@yahoo.com,1,0,110,5,165,1,24,0,2015-05-22 20:29:36.023000,,0,0,0
167,94a4f664-6055-40b6-b9ea-0eff52160824,1,Game #2 @ 8:50:48 PM,,25,0,11,kingleo008@yahoo.com,1,0,111,5,165,1,24,0,2015-05-22 20:50:50.881000,,0,0,0
168,e6da6054-284d-4c67-a5fa-f103b06e6b9e,2,Game #3 @ 9:12:31 PM,,20,0,25,kingleo008@yahoo.com,1,0,112,5,165,1,24,0,2015-05-22 21:12:32.794000,,0,0,0
169,031d6ee3-42d1-4e48-9bd5-33bc0ee69fa9,3,Game #4 @ 9:36:50 PM,,25,0,21,kingleo008@yahoo.com,1,0,113,5,165,1,24,0,2015-05-22 21:36:53.483000,,0,0,0
172,09d5498f-a13b-4a10-a650-41f1b838db85,22,"Match: Varsity vs. Central Dauphin on May 27, 2015",,3,0,0,kingleo008@yahoo.com,1,0,,4,,1,25,0,2015-05-27 17:56:45.806000,,0,0,0
173,91eb50d3-d9af-4e7d-b389-00b09a23abc1,0,Game #1 @ 5:56:39 PM,,25,0,23,kingleo008@yahoo.com,1,0,115,5,172,1,25,0,2015-05-27 17:56:45.810000,,0,0,0
174,33e7895d-dc55-44d5-b8ab-d4fa5a3bbcdc,1,Game #2 @ 6:24:10 PM,,25,0,23,kingleo008@yahoo.com,1,0,116,5,172,1,25,0,2015-05-27 18:24:11.207000,,0,0,0
176,a2aba975-c72b-41ab-8f11-cba059096964,3,Game #4 @ 6:48:27 PM,,25,0,22,kingleo008@yahoo.com,1,0,118,5,172,1,25,0,2015-05-27 18:48:28.557000,,0,0,0
177,f749d84f-3b9a-48c6-9308-3890790af8fa,23,"Match: Varsity vs. Bethel Park  on May 30, 2015",,3,0,2,kingleo008@yahoo.com,1,0,,4,,1,15,0,2015-05-30 12:02:38.606000,,0,0,0
178,81ad2540-f88c-4898-8060-786a49bb7f3d,0,Game #1 @ 12:02:31 PM,,25,0,23,kingleo008@yahoo.com,1,0,119,5,177,1,15,0,2015-05-30 12:02:38.609000,,0,0,0
179,8843644a-bc5e-48c5-a456-a943366cd801,1,Game #2 @ 12:28:49 PM,,25,0,18,kingleo008@yahoo.com,1,0,120,5,177,1,15,0,2015-05-30 12:28:52.030000,,0,0,0
180,cb63bcb8-fc77-477c-905e-3babdc20e363,2,Game #3 @ 12:50:21 PM,,23,0,25,kingleo008@yahoo.com,1,0,121,5,177,1,15,0,2015-05-30 12:50:22.005000,,0,0,0
181,aace02c4-a371-452f-baad-ee898f3284f5,3,Game #4 @ 1:13:22 PM,,22,0,24,kingleo008@yahoo.com,1,0,122,5,177,1,15,0,2015-05-30 13:13:25.176000,,0,0,0
182,3100f5fd-01be-4e86-8d2f-c5378ea5f3cd,4,Game #5 @ 1:36:26 PM,,15,0,9,kingleo008@yahoo.com,1,0,123,5,177,1,15,0,2015-05-30 13:36:27.515000,,0,0,0
183,320d147c-32fc-404a-b91d-8f98c2a83768,24,"Match: Varsity vs. Seneca Valley on Jun 2, 2015",,3,0,2,kingleo008@yahoo.com,1,0,,4,,1,24,0,2015-06-02 18:59:46.441000,,0,0,0
184,a609a85d-432c-472e-a4d5-4f972efb5570,0,Game #1 @ 6:59:35 PM,,26,0,24,kingleo008@yahoo.com,1,0,124,5,183,1,24,0,2015-06-02 18:59:46.444000,,0,0,0
185,263cb77d-6f65-45d0-b8a3-48d52c47c23d,1,Game #2 @ 7:27:49 PM,,21,0,25,kingleo008@yahoo.com,1,0,125,5,183,1,24,0,2015-06-02 19:27:50.220000,,0,0,0
186,f968fb42-3035-4543-9420-87d4a7597f2c,2,Game #3 @ 7:49:32 PM,,27,0,25,kingleo008@yahoo.com,1,0,126,5,183,1,24,0,2015-06-02 19:49:33.935000,,0,0,0
187,d9942f6c-de71-4fe0-bd64-4fd16c92b6ce,3,Game #4 @ 8:20:38 PM,,20,0,25,kingleo008@yahoo.com,1,0,127,5,183,1,24,0,2015-06-02 20:20:39.856000,,0,0,0
188,ea681ecc-cf33-4837-9806-17bdfd46ad08,4,Game #5 @ 8:47:02 PM,,15,0,12,kingleo008@yahoo.com,1,0,128,5,183,1,24,0,2015-06-02 20:47:22.115000,,0,0,0
189,0a6cb302-be98-421a-9eb6-b1f4270a6b1f,25,,,1,0,3,kingleo008@yahoo.com,1,0,,4,,1,26,0,2015-06-06 12:28:12.732000,,0,0,0
190,1230c6bc-2dcd-41e8-b28f-d558dabdf58f,0,Game #1 @ 12:27:44 PM,,25,0,21,kingleo008@yahoo.com,1,0,129,5,189,1,26,0,2015-06-06 12:28:12.733000,,0,0,0
191,cf8f7e8e-02a4-4108-b57f-dc772a0c2499,1,Game #2 @ 1:23:13 PM,,22,0,25,kingleo008@yahoo.com,1,0,130,5,189,1,26,0,2015-06-06 13:23:14.873000,,0,0,0
192,dd611d5a-2704-41c0-b01e-15cecef91fc2,2,Game #3 @ 1:46:26 PM,,16,0,25,kingleo008@yahoo.com,1,0,131,5,189,1,26,0,2015-06-06 13:46:28.167000,,0,0,0
193,4984f36f-982c-48c4-8107-fb695c75099b,3,,,23,0,25,kingleo008@yahoo.com,1,0,132,5,189,1,26,0,2015-06-06 14:08:57.774000,,0,0,0
194,916af13a-da1d-4109-a6b7-9a71b40427bf,0,Tournament: Cannon Mac,,3,2,1,kingleo008@yahoo.com,1,0,,1,,27,,0,2015-09-05 09:34:03.739000,,0,0,0
195,cd247365-a847-414b-9906-1f99b12993ff,0,"Match: Varsity vs. Beaver on Sep 5, 2015",,2,0,0,kingleo008@yahoo.com,1,0,,2,194,27,28,0,2015-09-05 09:34:03.756000,,0,0,0
196,fe22ef82-c317-47cd-b619-b98930667dff,0,Game #1 @ 9:32:19 AM,,25,0,19,kingleo008@yahoo.com,1,0,133,3,195,27,28,0,2015-09-05 09:34:03.758000,,0,0,0
197,c18a7918-eb86-4b3a-80bc-14d19a514fe9,1,Game #2 @ 9:55:56 AM,,25,0,21,kingleo008@yahoo.com,1,0,134,3,195,27,28,0,2015-09-05 09:55:58.533000,,0,0,0
198,2f829efa-aae2-4a99-a91b-c2ab661a73a5,1,"Match: Varsity vs. Quaker Valley on Sep 5, 2015",,2,0,0,kingleo008@yahoo.com,1,0,,2,194,27,29,0,2015-09-05 11:59:32.819000,,0,0,0
199,4213cbb0-e0ea-43e4-994f-073b6723bac4,0,Game #1 @ 11:59:17 AM,,25,0,22,kingleo008@yahoo.com,1,0,135,3,198,27,29,0,2015-09-05 11:59:32.820000,,0,0,0
200,e6b057d8-c1d0-407e-848c-3be5bad8138d,1,Game #2 @ 12:28:42 PM,,27,0,26,kingleo008@yahoo.com,1,0,136,3,198,27,29,0,2015-09-05 12:28:43.438000,,0,0,0
201,ca196158-56b2-48fd-814a-c45f3fb57c9b,2,"Match: Varsity vs. Moon on Sep 5, 2015",,1,0,1,kingleo008@yahoo.com,1,0,,2,194,27,30,0,2015-09-05 14:38:46.468000,,0,0,0
202,16c98d8d-9ec6-45c4-8b43-beddbe9f45ad,0,Game #1 @ 2:38:41 PM,,25,0,19,kingleo008@yahoo.com,1,0,137,3,201,27,30,0,2015-09-05 14:38:46.469000,,0,0,0
203,d5df2287-964a-43c2-8b79-d327b7e67669,1,Game #2 @ 3:01:07 PM,,21,0,25,kingleo008@yahoo.com,1,0,138,3,201,27,30,0,2015-09-05 15:01:08.093000,,0,0,0
204,34494162-3eaf-40b6-8f23-6f3d978fea91,3,"Match: Varsity vs. Seton La Salle on Sep 5, 2015",,1,0,1,kingleo008@yahoo.com,1,0,,2,194,27,31,0,2015-09-05 16:17:30.234000,,0,0,0
205,92e08129-5109-4e50-a1b1-8f436f84885c,0,Game #1 @ 4:17:17 PM,,25,0,22,kingleo008@yahoo.com,1,0,139,3,204,27,31,0,2015-09-05 16:17:30.235000,,0,0,0
206,d6bb58c7-d953-4fba-bfeb-9fb1391dcc3a,1,Game #2 @ 4:41:39 PM,,21,0,25,kingleo008@yahoo.com,1,0,140,3,204,27,31,0,2015-09-05 16:41:40.645000,,0,0,0
207,de5cd9ab-8303-4dbd-bb83-3a4ab5537349,4,"Match: Varsity vs. Beaver on Sep 5, 2015",,1,0,0,kingleo008@yahoo.com,1,0,,2,194,27,28,0,2015-09-05 18:53:18.937000,,0,0,0
208,dc7fd807-f353-4f3c-9295-9a90e06b1970,0,Game #1 @ 6:53:15 PM,,25,0,23,kingleo008@yahoo.com,1,0,141,3,207,27,28,0,2015-09-05 18:53:18.938000,,0,0,0
209,e4ea2119-7c95-47e6-91d0-ab528620d79d,5,"Match: Varsity vs. Moon on Sep 5, 2015",,0,0,1,kingleo008@yahoo.com,1,0,,2,194,27,30,0,2015-09-05 19:30:04.993000,,0,0,0
210,6b25f505-68c5-4301-9831-3c3401e447ad,0,Game #1 @ 7:30:02 PM,,21,0,23,kingleo008@yahoo.com,1,0,142,3,209,27,30,0,2015-09-05 19:30:04.993000,,0,0,0
211,69fd5072-8e26-4a67-bd66-6c99eebf14d6,0,"Match: JV vs. Woodland Hillls on Sep 8, 2015",,2,0,0,kingleo008@yahoo.com,1,0,,4,,32,33,0,2015-09-08 15:13:40.338000,,0,0,0
212,3b983ee9-9a63-4fa7-97c6-f786d8d17ef9,0,Game #1 @ 3:09:11 PM,,13,0,12,kingleo008@yahoo.com,1,0,143,5,211,32,33,0,2015-09-08 15:13:40.345000,,0,0,0
213,cf45ea0b-b31c-45c0-b8d8-d8f7d3398ad9,1,Game #2 @ 3:52:40 PM,,17,0,4,kingleo008@yahoo.com,1,0,144,5,211,32,33,0,2015-09-08 15:52:43.246000,,0,0,0
214,fef29e9a-0f55-4efc-b22a-2916c5362517,1,"Match: Varsity vs. Woodland Hillls on Sep 8, 2015",,3,0,0,kingleo008@yahoo.com,1,0,,4,,27,34,0,2015-09-08 16:15:34.969000,,0,0,0
215,cbbff9cf-2287-44b1-9d30-e7adfa1786ea,0,Game #1 @ 4:15:27 PM,,25,0,5,kingleo008@yahoo.com,1,0,145,5,214,27,34,0,2015-09-08 16:15:34.973000,,0,0,0
216,79ca2dd5-b250-48e3-8fe3-4dfe467ef22c,1,Game #2 @ 4:51:05 PM,,25,0,10,kingleo008@yahoo.com,1,0,146,5,214,27,34,0,2015-09-08 16:51:06.376000,,0,0,0
217,3d7918f6-7071-4073-9e60-fca05757c850,2,Game #3 @ 5:11:19 PM,,25,0,11,kingleo008@yahoo.com,1,0,147,5,214,27,34,0,2015-09-08 17:11:19.913000,,0,0,0
218,19769b18-ce75-4e94-905a-e1506e93695a,2,"Match: Varsity vs. Shaler on Sep 10, 2015",,3,0,0,kingleo008@yahoo.com,1,0,,4,,27,35,0,2015-09-10 19:17:09.565000,,0,0,0
219,d786bc8c-4ba9-43ab-9cf2-f200bd3f1ddb,0,Game #1 @ 7:17:03 PM,,25,0,22,kingleo008@yahoo.com,1,0,148,5,218,27,35,0,2015-09-10 19:17:09.568000,,0,0,0
220,b176bab2-1a36-4233-a853-0592cbaa67bd,1,Game #2 @ 7:43:27 PM,,25,0,23,kingleo008@yahoo.com,1,0,149,5,218,27,35,0,2015-09-10 19:43:29.153000,,0,0,0
221,9e1f0b1c-aca0-4c29-af3b-e3c1acc78ee5,2,Game #3 @ 8:11:02 PM,,25,0,18,kingleo008@yahoo.com,1,0,150,5,218,27,35,0,2015-09-10 20:11:03.111000,,0,0,0
222,b445e01e-700d-4808-bc6e-10748e825d73,3,"Match: Varsity vs. Plum on Sep 15, 2015",,2,0,3,kingleo008@yahoo.com,1,0,,4,,27,36,0,2015-09-15 19:01:58.032000,,0,0,0
223,8cce37f7-59b2-494c-8732-91a21c0b36e9,0,Game #1 @ 7:01:52 PM,,25,0,18,kingleo008@yahoo.com,1,0,151,5,222,27,36,0,2015-09-15 19:01:58.034000,,0,0,0
224,b692c178-9750-4541-ab14-8c00c9308836,1,Game #2 @ 7:33:00 PM,,21,0,25,kingleo008@yahoo.com,1,0,152,5,222,27,36,0,2015-09-15 19:33:03.396000,,0,0,0
225,63e69835-88ca-486a-9236-6361fb359b3c,2,Game #3 @ 7:58:41 PM,,25,0,16,kingleo008@yahoo.com,1,0,153,5,222,27,36,0,2015-09-15 19:58:42.691000,,0,0,0
226,ed60a65f-842d-4fda-ae50-a7f0c849c251,3,Game #4 @ 8:20:17 PM,,21,0,25,kingleo008@yahoo.com,1,0,154,5,222,27,36,0,2015-09-15 20:20:20.602000,,0,0,0
227,0cb43f43-1a64-403a-a59e-9697346c6977,4,Game #5 @ 8:46:21 PM,,15,0,17,kingleo008@yahoo.com,1,0,155,5,222,27,36,0,2015-09-15 20:46:22.706000,,0,0,0
228,58748573-ac5b-49b2-93c2-e43c063bb0ce,1,"Match: JV vs. oakland catholic high school on Sep 17, 2015",,0,0,2,kingleo008@yahoo.com,1,0,,4,,32,37,0,2015-09-17 17:58:51.273000,,0,0,0
229,0b15a230-43c6-43fa-834c-9304cdf2cc78,0,Game #1 @ 5:58:33 PM,,9,0,25,kingleo008@yahoo.com,1,0,156,5,228,32,37,0,2015-09-17 17:58:51.275000,,0,0,0
230,551da772-ff9f-4ba2-9e22-a38e15eed3fa,1,Game #2 @ 6:17:34 PM,,23,0,25,kingleo008@yahoo.com,1,0,157,5,228,32,37,0,2015-09-17 18:17:41.375000,,0,0,0
231,6bd73dac-b110-41c3-8ba8-a7601083e09a,4,"Match: Varsity vs. Oakland Catholic on Sep 17, 2015",,3,0,1,kingleo008@yahoo.com,1,0,,4,,27,38,0,2015-09-17 19:09:36.427000,,0,0,0
232,9c29608a-e194-4fe4-9a87-56b36582118d,0,Game #1 @ 7:09:24 PM,,25,0,20,kingleo008@yahoo.com,1,0,158,5,231,27,38,0,2015-09-17 19:09:36.428000,,0,0,0
233,fc6de9ff-4090-4bed-8127-5866b9509d9e,1,Game #2 @ 7:40:33 PM,,25,0,21,kingleo008@yahoo.com,1,0,159,5,231,27,38,0,2015-09-17 19:40:37.519000,,0,0,0
234,de43526b-fb6a-4690-a91b-0c64509c7a52,2,Game #3 @ 8:04:29 PM,,23,0,25,kingleo008@yahoo.com,1,0,160,5,231,27,38,0,2015-09-17 20:04:30.870000,,0,0,0
235,df708972-0e54-4a40-a036-acb82b54aefe,3,Game #4 @ 8:30:52 PM,,25,0,17,kingleo008@yahoo.com,1,0,161,5,231,27,38,0,2015-09-17 20:30:53.552000,,0,0,0
236,da0c54b3-5cd9-4b99-ba93-676df533ab75,2,,,0,0,2,kingleo008@yahoo.com,1,0,,4,,32,39,0,2015-09-21 17:56:18.075000,,0,0,0
237,2ed51a4b-8acf-4486-908d-eb0af6f61ff1,0,Game #1 @ 5:56:01 PM,,20,0,25,kingleo008@yahoo.com,1,0,162,5,236,32,39,0,2015-09-21 17:56:18.077000,,0,0,0
238,5425731c-0c91-419d-b7b9-45a9830c1a44,1,,,14,0,25,kingleo008@yahoo.com,1,0,163,5,236,32,39,0,2015-09-21 18:20:36.560000,,0,0,0
239,0ae44487-05bb-439a-b27d-0d18747cf40e,5,"Match: Varsity vs. Gateway on Sep 21, 2015",,3,0,1,kingleo008@yahoo.com,1,0,,4,,27,40,0,2015-09-21 19:09:48.594000,,0,0,0
240,e48a084f-93ab-4e57-bcbd-2179e2a9643c,0,Game #1 @ 7:09:41 PM,,26,0,24,kingleo008@yahoo.com,1,0,164,5,239,27,40,0,2015-09-21 19:09:48.598000,,0,0,0
241,df771271-064f-4108-8dd6-0ea3595ef576,1,Game #2 @ 7:42:19 PM,,25,0,17,kingleo008@yahoo.com,1,0,165,5,239,27,40,0,2015-09-21 19:42:21.575000,,0,0,0
242,e11f0335-5c09-43c2-986f-ba3dfb97d35a,2,Game #3 @ 8:07:55 PM,,21,0,25,kingleo008@yahoo.com,1,0,166,5,239,27,40,0,2015-09-21 20:07:57.322000,,0,0,0
243,25fb310d-da1c-4b69-96f0-7e29ac5045bc,3,Game #4 @ 8:37:28 PM,,26,0,24,kingleo008@yahoo.com,1,0,167,5,239,27,40,0,2015-09-21 20:37:30.543000,,0,0,0
244,0f798ac6-4988-4308-be7d-6dac9116d63c,6,"Match: Varsity vs. Penn Hills on Sep 24, 2015",,3,0,0,kingleo008@yahoo.com,1,0,,4,,27,41,0,2015-09-24 19:25:14.430000,,0,0,0
245,51e2397e-d1e3-4dac-bc74-f544da9dfc7c,0,Game #1 @ 7:25:07 PM,,25,0,11,kingleo008@yahoo.com,1,0,168,5,244,27,41,0,2015-09-24 19:25:14.432000,,0,0,0
246,c85432c5-bea7-4860-b52a-c753b1375d7a,1,Game #2 @ 7:45:26 PM,,25,0,18,kingleo008@yahoo.com,1,0,169,5,244,27,41,0,2015-09-24 19:45:28.135000,,0,0,0
247,728c6949-e8a5-40c0-9bc2-9f9b2760cf3c,2,Game #3 @ 8:09:04 PM,,25,0,9,kingleo008@yahoo.com,1,0,170,5,244,27,41,0,2015-09-24 20:09:05.729000,,0,0,0
248,4ffe1e63-9978-4be4-a17f-42b00e74e71f,7,"Match: Varsity vs. Armstrong on Sep 29, 2015",,1,0,3,kingleo008@yahoo.com,1,0,,4,,27,42,0,2015-09-29 19:16:28.445000,,0,0,0
249,efeab3d9-da49-4c1a-be79-ee832a9ee74a,0,Game #1 @ 7:16:20 PM,,22,0,25,kingleo008@yahoo.com,1,0,171,5,248,27,42,0,2015-09-29 19:16:28.448000,,0,0,0
250,78579a81-b01f-4046-ac45-f9af5721b1bd,1,Game #2 @ 7:40:27 PM,,20,0,25,kingleo008@yahoo.com,1,0,172,5,248,27,42,0,2015-09-29 19:40:28.779000,,0,0,0
251,727fc36a-7aa1-40d1-8d93-68e5090e03bf,2,Game #3 @ 8:06:11 PM,,31,0,29,kingleo008@yahoo.com,1,0,173,5,248,27,42,0,2015-09-29 20:06:14.040000,,0,0,0
252,3fcd0f2e-31af-4144-82b4-2d110b9b15f6,3,Game #4 @ 8:38:50 PM,,26,0,28,kingleo008@yahoo.com,1,0,174,5,248,27,42,0,2015-09-29 20:38:53.460000,,0,0,0
253,85fc1435-9798-46e9-8044-dbb8e4870dd6,8,"Match: Varsity vs. Woodland Hillls on Oct 1, 2015",,3,0,0,kingleo008@yahoo.com,1,0,,4,,27,34,0,2015-10-01 19:10:56.369000,,0,0,0
254,a369c72d-74e6-492f-8468-d4cd859e9984,0,Game #1 @ 7:10:48 PM,,25,0,10,kingleo008@yahoo.com,1,0,175,5,253,27,34,0,2015-10-01 19:10:56.372000,,0,0,0
255,f4d02c07-ed3e-4611-9fc3-eb982d5fc552,1,Game #2 @ 7:29:58 PM,,25,0,4,kingleo008@yahoo.com,1,0,176,5,253,27,34,0,2015-10-01 19:30:08.648000,,0,0,0
256,05f8bdcd-ea88-4a7e-b9dd-d6de0bd2c13c,2,Game #3 @ 7:45:28 PM,,25,0,7,kingleo008@yahoo.com,1,0,177,5,253,27,34,0,2015-10-01 19:45:30.107000,,0,0,0
257,e8562a4b-c3bf-46b3-9685-ad2eea90dd1e,9,"Match: Varsity vs. Hampton on Oct 5, 2015",,3,0,1,kingleo008@yahoo.com,1,0,,4,,27,43,0,2015-10-05 19:18:57.136000,,0,0,0
258,cb583f4e-9866-4db9-96f3-63e857aaad2a,0,Game #1 @ 7:18:49 PM,,23,0,25,kingleo008@yahoo.com,1,0,178,5,257,27,43,0,2015-10-05 19:18:57.138000,,0,0,0
259,a69a8598-de2a-45d9-86ce-82ddf48fda04,1,Game #2 @ 7:45:42 PM,,25,0,20,kingleo008@yahoo.com,1,0,179,5,257,27,43,0,2015-10-05 19:45:44.298000,,0,0,0
260,7ad1dfb4-af77-4862-9c4d-21b24b9647ff,2,Game #3 @ 8:08:30 PM,,25,0,20,kingleo008@yahoo.com,1,0,180,5,257,27,43,0,2015-10-05 20:08:31.355000,,0,0,0
261,25ab4329-7f7b-480f-8b01-1b38fd99848d,3,Game #4 @ 8:30:57 PM,,25,0,20,kingleo008@yahoo.com,1,0,181,5,257,27,43,0,2015-10-05 20:31:01.423000,,0,0,0
262,a69640f7-5691-4958-bf2e-500dbeb355ff,10,"Match: Varsity vs. Shaler on Oct 6, 2015",,3,0,0,kingleo008@yahoo.com,1,0,,4,,27,35,0,2015-10-06 19:13:53.115000,,0,0,0
263,381d3f71-e0dc-4378-a365-af75967d9c8a,0,Game #1 @ 7:13:47 PM,,25,0,8,kingleo008@yahoo.com,1,0,182,5,262,27,35,0,2015-10-06 19:13:53.117000,,0,0,0
264,718ab093-bb99-4965-b22b-fec456289a04,1,Game #2 @ 7:31:29 PM,,27,0,25,kingleo008@yahoo.com,1,0,183,5,262,27,35,0,2015-10-06 19:31:31.193000,,0,0,0
265,8f3da9ae-c3d5-4d71-a8c9-9d9442891fb0,2,Game #3 @ 8:00:48 PM,,25,0,18,kingleo008@yahoo.com,1,0,184,5,262,27,35,0,2015-10-06 20:00:49.536000,,0,0,0
266,4a2e766d-295c-4f4b-b74d-c017ef59a3e9,11,"Match: Varsity vs. Plum on Oct 8, 2015",,3,0,1,kingleo008@yahoo.com,1,0,,4,,27,36,0,2015-10-08 19:18:20.459000,,0,0,0
267,5c5c0a7c-151d-4beb-8ab1-19ef19482952,0,Game #1 @ 7:18:14 PM,,25,0,15,kingleo008@yahoo.com,1,0,185,5,266,27,36,0,2015-10-08 19:18:20.461000,,0,0,0
268,69653dda-ec09-4c93-aa83-cd910272dfd9,1,Game #2 @ 7:40:48 PM,,25,0,23,kingleo008@yahoo.com,1,0,186,5,266,27,36,0,2015-10-08 19:40:49.604000,,0,0,0
269,7730a63e-baee-44b2-a108-31667dca5cec,2,Game #3 @ 8:08:31 PM,,20,0,25,kingleo008@yahoo.com,1,0,187,5,266,27,36,0,2015-10-08 20:08:32.842000,,0,0,0
270,e79df187-052d-4a50-aaec-746966b49c3a,3,Game #4 @ 8:35:04 PM,,25,0,21,kingleo008@yahoo.com,1,0,188,5,266,27,36,0,2015-10-08 20:35:06.904000,,0,0,0
271,430aca8f-cf84-4555-951f-015da6501f91,12,"Match: Varsity vs. Oakland Catholic on Oct 13, 2015",,1,0,3,kingleo008@yahoo.com,1,0,,4,,27,38,0,2015-10-13 19:28:29.227000,,0,0,0
272,d5e64174-0140-4a27-9495-ab39e39255d3,0,Game #1 @ 7:28:21 PM,,25,0,15,kingleo008@yahoo.com,1,0,189,5,271,27,38,0,2015-10-13 19:28:29.229000,,0,0,0
273,9af4bb21-436b-482f-b7a9-55a71af88bf5,1,Game #2 @ 7:52:47 PM,,18,0,25,kingleo008@yahoo.com,1,0,190,5,271,27,38,0,2015-10-13 19:52:48.122000,,0,0,0
274,f29007e1-e194-4129-b422-c415b8540184,2,Game #3 @ 8:16:28 PM,,20,0,25,kingleo008@yahoo.com,1,0,191,5,271,27,38,0,2015-10-13 20:16:29.275000,,0,0,0
275,55cdf448-890b-4e81-9deb-ffc7c2e9d4e2,3,Game #4 @ 8:42:57 PM,,17,0,25,kingleo008@yahoo.com,1,0,192,5,271,27,38,0,2015-10-13 20:42:58.241000,,0,0,0
276,99a1a8c1-8243-4e88-9b3d-81afcb934d47,13,"Match: Varsity vs. Gateway on Oct 15, 2015",,3,0,0,kingleo008@yahoo.com,1,0,,4,,27,40,0,2015-10-15 19:36:31.747000,,0,0,0
277,7795cc2d-4a50-44f2-b4b6-b6c69a70bc8d,0,Game #1 @ 7:36:21 PM,,25,0,11,kingleo008@yahoo.com,1,0,193,5,276,27,40,0,2015-10-15 19:36:31.750000,,0,0,0
278,f1d14062-49c4-4c80-acc7-6105e8a92a93,1,Game #2 @ 8:00:29 PM,,25,0,21,kingleo008@yahoo.com,1,0,194,5,276,27,40,0,2015-10-15 20:00:31.107000,,0,0,0
279,4477b8ea-3583-47ba-888c-b2822e8972bb,2,Game #3 @ 8:23:14 PM,,25,0,23,kingleo008@yahoo.com,1,0,195,5,276,27,40,0,2015-10-15 20:23:15.421000,,0,0,0
280,dd0f7cd3-9333-4f1f-ada0-540311ce54b0,14,"Match: Varsity vs. penn Trafford on Oct 19, 2015",,3,0,0,kingleo008@yahoo.com,1,0,,4,,27,44,0,2015-10-19 19:30:10.970000,,0,0,0
281,7d5dd7c1-0e02-4981-96e2-8a2b15ac0e96,0,Game #1 @ 7:27:10 PM,,25,0,11,kingleo008@yahoo.com,1,0,196,5,280,27,44,0,2015-10-19 19:30:10.973000,,0,0,0
282,2c1ad790-2630-4601-a50d-eea45415d973,1,Game #2 @ 7:52:15 PM,,25,0,8,kingleo008@yahoo.com,1,0,197,5,280,27,44,0,2015-10-19 19:52:15.569000,,0,0,0
283,37fd92d3-b3fc-452d-8dc7-d2c28d2a1c5d,2,Game #3 @ 8:09:07 PM,,25,0,23,kingleo008@yahoo.com,1,0,198,5,280,27,44,0,2015-10-19 20:09:08.311000,,0,0,0
284,e3a5b861-e63a-4e32-bb44-70b9a41694ab,15,"Match: Varsity vs. Penn Hill on Oct 20, 2015",,3,0,0,kingleo008@yahoo.com,1,0,,4,,27,45,0,2015-10-20 19:27:18.405000,,0,0,0
285,1fb41879-227f-42d7-b8dd-e38e4b93ad22,0,Game #1 @ 7:27:12 PM,,25,0,14,kingleo008@yahoo.com,1,0,199,5,284,27,45,0,2015-10-20 19:27:18.406000,,0,0,0
286,b33383db-4bba-45ac-8300-2c8dd1ee387e,1,Game #2 @ 7:52:32 PM,,25,0,7,kingleo008@yahoo.com,1,0,200,5,284,27,45,0,2015-10-20 19:52:34.423000,,0,0,0
287,f8ab35d5-7c54-4439-8e28-d614d1b7dfe4,2,Game #3 @ 8:07:40 PM,,25,0,20,kingleo008@yahoo.com,1,0,201,5,284,27,45,0,2015-10-20 20:07:41.617000,,0,0,0
288,69aa44dd-8113-4639-a03b-f98f0ff2b513,16,"Match: Varsity vs. Armstrong on Oct 22, 2015",,1,0,3,kingleo008@yahoo.com,1,0,,4,,27,42,0,2015-10-22 19:30:59.990000,,0,0,0
289,6f7c7683-4f5b-4074-b4f1-d347f1133fca,0,Game #1 @ 7:30:54 PM,,15,0,25,kingleo008@yahoo.com,1,0,202,5,288,27,42,0,2015-10-22 19:30:59.993000,,0,0,0
290,dc376479-dacb-49a9-aec6-cd9af9230c5a,1,Game #2 @ 7:59:30 PM,,25,0,20,kingleo008@yahoo.com,1,0,203,5,288,27,42,0,2015-10-22 19:59:31.909000,,0,0,0
291,66c822ee-798d-4295-90fa-9b37b815576e,2,Game #3 @ 8:23:42 PM,,8,0,25,kingleo008@yahoo.com,1,0,204,5,288,27,42,0,2015-10-22 20:23:43.664000,,0,0,0
292,b3375b9d-0adc-440a-8c23-192379f79bba,3,Game #4 @ 8:42:49 PM,,22,0,25,kingleo008@yahoo.com,1,0,205,5,288,27,42,0,2015-10-22 20:42:53.790000,,0,0,0
293,c07f7ba2-9518-4959-b037-03bbc64cd5c8,17,Tournament: NA,,2,0,2,kingleo008@yahoo.com,1,0,,1,,27,,0,2015-10-24 08:17:33.768000,,0,0,0
294,7bfcc171-fbb2-44dd-9d2f-1f2ca5fa1f2c,0,"Match: Varsity vs. Hempfield on Oct 24, 2015",,0,0,1,kingleo008@yahoo.com,1,0,,2,293,27,46,0,2015-10-24 08:17:33.769000,,0,0,0
295,1dabfabe-17f8-4c2c-8889-3a7234373393,0,Game #1 @ 8:17:27 AM,,18,0,25,kingleo008@yahoo.com,1,0,206,3,294,27,46,0,2015-10-24 08:17:33.771000,,0,0,0
296,9e2b8e62-3749-49fb-aa21-bb4e3e3e7545,1,"Match: Varsity vs. Plum on Oct 24, 2015",,1,0,0,kingleo008@yahoo.com,1,0,,2,293,27,36,0,2015-10-24 08:39:56.202000,,0,0,0
297,bd7d1fe0-cf31-4546-8913-bdc7213cbcdd,0,Game #1 @ 8:39:46 AM,,25,0,11,kingleo008@yahoo.com,1,0,207,3,296,27,36,0,2015-10-24 08:39:56.203000,,0,0,0
298,0bc9bb32-4b0f-4107-b97a-ff275238bdc1,2,"Match: Varsity vs. Baldwin on Oct 24, 2015",,0,0,1,kingleo008@yahoo.com,1,0,,2,293,27,47,0,2015-10-24 09:46:58.149000,,0,0,0
299,868cee5d-39de-457c-b2cc-1278186ffc34,0,Game #1 @ 9:46:52 AM,,20,0,25,kingleo008@yahoo.com,1,0,208,3,298,27,47,0,2015-10-24 09:46:58.150000,,0,0,0
300,f90a5d23-ee54-433f-9eab-52f5fde80239,3,"Match: Varsity vs. Oakland Catholic on Oct 24, 2015",,1,0,0,kingleo008@yahoo.com,1,0,,2,293,27,38,0,2015-10-24 10:53:21.233000,,0,0,0
301,45975088-18b0-4c85-9b41-f6585eadc72d,0,Game #1 @ 10:53:14 AM,,25,0,20,kingleo008@yahoo.com,1,0,209,3,300,27,38,0,2015-10-24 10:53:21.234000,,0,0,0
302,c0ec52a8-e1fb-44dd-9f1b-21f7e329b3da,18,,,0,0,3,kingleo008@yahoo.com,1,0,,4,,27,48,0,2015-10-28 20:26:25.497000,,0,0,0
303,d6845861-4146-44df-be68-86bfcbf093d3,0,Game #1 @ 8:26:16 PM,,17,0,25,kingleo008@yahoo.com,1,0,210,5,302,27,48,0,2015-10-28 20:26:25.500000,,0,0,0
304,f5ba3148-39f4-4aac-bf79-e3fa009d4368,1,Game #2 @ 8:50:42 PM,,12,0,25,kingleo008@yahoo.com,1,0,211,5,302,27,48,0,2015-10-28 20:50:43.289000,,0,0,0
305,7dd70f7d-9881-4949-9e83-7dbe87c3aab7,2,,,14,0,25,kingleo008@yahoo.com,1,0,212,5,302,27,48,0,2015-10-28 21:11:05.565000,,0,0,0
306,030055c0-47ed-4672-8d6a-1967fe858011,0,Tournament: NA Tournament,,4,1,3,kingleo008@yahoo.com,1,0,,1,,49,,0,2016-03-26 05:33:43.448000,,0,0,0
309,04778e1c-0fb3-4463-9f52-03bcc5a1dfaa,1,"Match: Varsity 2016 vs. Montour on Mar 26, 2016",,0,0,2,kingleo008@yahoo.com,1,0,,2,306,49,51,0,2016-03-26 09:18:23.850000,,0,0,0
310,b30a0378-1ed3-4674-b459-b6858651e79c,0,Game #1 @ 9:18:20 AM,,23,0,25,kingleo008@yahoo.com,1,0,214,3,309,49,51,0,2016-03-26 09:18:23.851000,,0,0,0
311,6c4e94af-959c-4baf-abce-ff34277d8262,1,Game #2 @ 9:38:17 AM,,24,0,26,kingleo008@yahoo.com,1,0,215,3,309,49,51,0,2016-03-26 09:38:18.313000,,0,0,0
312,faa4ff29-244b-4b64-93af-d49a9a29503d,2,"Match: Varsity 2016 vs. Penn Trafford on Mar 26, 2016",,0,0,2,kingleo008@yahoo.com,1,0,,2,306,49,50,0,2016-03-26 10:09:12.117000,,0,0,0
313,fbbb03c7-b6ef-4b1c-8185-d8931b180267,0,Game #1 @ 10:09:08 AM,,16,0,25,kingleo008@yahoo.com,1,0,216,3,312,49,50,0,2016-03-26 10:09:12.118000,,0,0,0
314,eb67a686-e935-4ceb-bd80-b6ef0a754c35,1,Game #2 @ 10:25:03 AM,,18,0,25,kingleo008@yahoo.com,1,0,217,3,312,49,50,0,2016-03-26 10:25:04.663000,,0,0,0
315,9a6d3fc4-bd8e-4c28-a2db-dd2d3eeb7b10,2,"Match: Varsity 2016 vs. Penn Hills on Mar 26, 2016",,3,0,0,kingleo008@yahoo.com,1,0,,2,306,49,52,0,2016-03-26 11:29:05.885000,,0,0,0
316,0156e363-7034-49ae-8a58-5a73aa77b658,0,Game #1 @ 11:28:59 AM,,25,0,14,kingleo008@yahoo.com,1,0,218,3,315,49,52,0,2016-03-26 11:29:05.886000,,0,0,0
317,deca2f86-a6d4-4520-9abd-1cc4444dc425,1,Game #2 @ 11:48:14 AM,,25,0,15,kingleo008@yahoo.com,1,0,219,3,315,49,52,0,2016-03-26 11:48:16.341000,,0,0,0
318,aadb40f2-0dde-4364-8f3b-298e9ecbf3de,3,"Match: Varsity 2016 vs. Plum on Mar 26, 2016",,2,0,0,kingleo008@yahoo.com,1,0,,2,306,49,53,0,2016-03-26 13:45:17.571000,,0,0,0
319,e13e84f7-348c-4454-861f-b5a30ca37315,0,Game #1 @ 1:45:15 PM,,25,0,17,kingleo008@yahoo.com,1,0,220,3,318,49,53,0,2016-03-26 13:45:17.572000,,0,0,0
320,90fb907b-72e4-443f-99a3-29a23e95463e,1,Game #2 @ 2:06:00 PM,,25,0,15,kingleo008@yahoo.com,1,0,221,3,318,49,53,0,2016-03-26 14:06:00.994000,,0,0,0
321,1733fda1-c1c4-4a02-b7b3-dc5fb32263d8,4,"Match: Varsity 2016 vs. North Hills  on Mar 26, 2016",,1,0,1,kingleo008@yahoo.com,1,0,,2,306,49,54,0,2016-03-26 15:20:49.789000,,0,0,0
322,4ff2a911-5495-4cc5-9342-4937d4e5baf1,0,Game #1 @ 3:20:40 PM,,25,0,9,kingleo008@yahoo.com,1,0,222,3,321,49,54,0,2016-03-26 15:20:49.790000,,0,0,0
323,11229d38-8796-48ba-a703-81c252d8cb3d,1,Game #2 @ 3:33:44 PM,,23,0,25,kingleo008@yahoo.com,1,0,223,3,321,49,54,0,2016-03-26 15:33:45.502000,,0,0,0
324,c2a43f0d-ca24-47ce-8e49-adbd27d54dd8,5,"Match: Varsity 2016 vs. Montour on Mar 26, 2016",,1,0,0,kingleo008@yahoo.com,1,0,,2,306,49,51,0,2016-03-26 16:10:24.756000,,0,0,0
325,8251afb6-93df-48bc-8ce6-564fc5a5a9bd,0,Game #1 @ 3:50:32 PM,,25,0,16,kingleo008@yahoo.com,1,0,224,3,324,49,51,0,2016-03-26 16:10:24.757000,,0,0,0
326,9851a5ba-ecae-4169-99ad-87ed6c6e1d8c,6,"Match: Varsity 2016 vs. NA on Mar 26, 2016",,1,0,0,kingleo008@yahoo.com,1,0,,2,306,49,55,0,2016-03-26 16:40:10.569000,,0,0,0
327,3597ca79-e592-451a-a8ba-50e2c5afe13a,0,Game #1 @ 4:40:08 PM,,25,0,19,kingleo008@yahoo.com,1,0,225,3,326,49,55,0,2016-03-26 16:40:10.570000,,0,0,0
328,cffbfb66-39b4-47f2-a890-8f5ae0d14b80,7,"Match: Varsity 2016 vs. Penn Trafford on Mar 26, 2016",,0,0,1,kingleo008@yahoo.com,1,0,,2,306,49,50,0,2016-03-26 17:10:23.148000,,0,0,0
329,d5af5d0c-be37-494f-9337-925ff47ff97d,0,Game #1 @ 5:10:16 PM,,16,0,25,kingleo008@yahoo.com,1,0,226,3,328,49,50,0,2016-03-26 17:10:23.149000,,0,0,0
330,86ae79bc-97e1-4cef-8124-d1a458c43f27,1,"Match: Varsity 2016 vs. Butler on Mar 29, 2016",,2,0,3,kingleo008@yahoo.com,1,0,,4,,49,56,0,2016-03-29 19:09:21.408000,,0,0,0
331,215501fd-4f38-49d7-b14c-913a16911d70,0,Game #1 @ 7:09:06 PM,,26,0,24,kingleo008@yahoo.com,1,0,227,5,330,49,56,0,2016-03-29 19:09:21.410000,,0,0,0
332,aec1d37a-7bf8-47e0-bc68-168bb91c7ee7,1,Game #2 @ 7:36:43 PM,,16,0,25,kingleo008@yahoo.com,1,0,228,5,330,49,56,0,2016-03-29 19:36:45.112000,,0,0,0
333,bb501c46-10e9-430b-96dd-326d9e8e7e55,2,Game #3 @ 7:57:32 PM,,23,0,25,kingleo008@yahoo.com,1,0,229,5,330,49,56,0,2016-03-29 19:57:33.283000,,0,0,0
334,ff9e5d85-84d0-496c-9dd2-a1e2a5440c42,3,Game #4 @ 8:20:25 PM,,25,0,23,kingleo008@yahoo.com,1,0,230,5,330,49,56,0,2016-03-29 20:20:27.086000,,0,0,0
335,4a4bdadd-f20d-4d5b-8cc5-46fe09a148b9,4,Game #5 @ 8:47:55 PM,,7,0,15,kingleo008@yahoo.com,1,0,231,5,330,49,56,0,2016-03-29 20:47:56.710000,,0,0,0
336,194659b5-f3be-4eb6-ab97-1219167e2773,2,"Match: Varsity 2016 vs. NA on Mar 31, 2016",,0,0,3,kingleo008@yahoo.com,1,0,,4,,49,55,0,2016-03-31 19:03:28.868000,,0,0,0
337,cf775d50-4305-4371-b14c-c1fa60a05f3d,0,Game #1 @ 7:03:20 PM,,18,0,25,kingleo008@yahoo.com,1,0,232,5,336,49,55,0,2016-03-31 19:03:28.870000,,0,0,0
338,8ff88f69-91f9-4c90-a2aa-da29568f851b,1,Game #2 @ 7:28:18 PM,,21,0,25,kingleo008@yahoo.com,1,0,233,5,336,49,55,0,2016-03-31 19:28:20.691000,,0,0,0
339,05a57b69-15a2-4dde-8d3e-dae5957b089e,2,Game #3 @ 7:51:05 PM,,27,0,29,kingleo008@yahoo.com,1,0,234,5,336,49,55,0,2016-03-31 19:51:05.983000,,0,0,0
340,a4a5b91e-e1d3-4c24-8d71-6f552f30547c,3,Tournament: Derry,,3,0,3,kingleo008@yahoo.com,1,0,,1,,49,,0,2016-04-02 08:39:49.338000,,0,0,0
341,ef45aa34-f142-4509-85b5-0e25ce356f85,0,"Match: Varsity 2016 vs. West Shamokin on Apr 2, 2016",,2,0,0,kingleo008@yahoo.com,1,0,,2,340,49,57,0,2016-04-02 08:39:49.342000,,0,0,0
342,3454c226-a96d-4a5e-a9ca-5aa74d0655f7,0,Game #1 @ 8:39:10 AM,,25,0,12,kingleo008@yahoo.com,1,0,235,3,341,49,57,0,2016-04-02 08:39:49.343000,,0,0,0
343,73824485-91d6-416a-8015-1be68a895c28,1,Game #2 @ 8:54:12 AM,,25,0,21,kingleo008@yahoo.com,1,0,236,3,341,49,57,0,2016-04-02 08:54:16.396000,,0,0,0
344,c509b3ee-b3db-4a09-adc8-f691920dcc4b,1,"Match: Varsity 2016 vs. Huntington on Apr 2, 2016",,2,0,0,kingleo008@yahoo.com,1,0,,2,340,49,58,0,2016-04-02 10:57:23.914000,,0,0,0
345,ca43d212-1ebb-4123-a07b-efb6370ee8a7,0,Game #1 @ 10:56:52 AM,,25,0,16,kingleo008@yahoo.com,1,0,237,3,344,49,58,0,2016-04-02 10:57:23.915000,,0,0,0
346,675cbc2e-5c5f-4745-88ff-abc1f3b90331,1,Game #2 @ 11:20:02 AM,,25,0,19,kingleo008@yahoo.com,1,0,238,3,344,49,58,0,2016-04-02 11:20:03.384000,,0,0,0
347,9677fc4f-b86b-4988-8f1a-8537261736d3,2,"Match: Varsity 2016 vs. Latrobe on Apr 2, 2016",,0,0,2,kingleo008@yahoo.com,1,0,,2,340,49,59,0,2016-04-02 13:23:07.169000,,0,0,0
348,b5c95aba-f7d1-4deb-92d3-74cf9c21e044,0,Game #1 @ 1:23:03 PM,,26,0,27,kingleo008@yahoo.com,1,0,239,3,347,49,59,0,2016-04-02 13:23:07.169000,,0,0,0
349,e69e7c97-2591-49ef-b1e0-7919abf80109,1,Game #2 @ 1:50:47 PM,,22,0,25,kingleo008@yahoo.com,1,0,240,3,347,49,59,0,2016-04-02 13:50:48.805000,,0,0,0
350,316f7805-a4f5-47cc-b868-c26ceb7ce8e3,3,"Match: Varsity 2016 vs. NA on Apr 2, 2016",,0,0,2,kingleo008@yahoo.com,1,0,,2,340,49,55,0,2016-04-02 15:02:26.071000,,0,0,0
351,8a3f0902-4bc4-4c01-b7b3-04b13947f943,0,Game #1 @ 3:02:23 PM,,5,0,25,kingleo008@yahoo.com,1,0,241,3,350,49,55,0,2016-04-02 15:02:26.071000,,0,0,0
352,9e89efa0-9e96-49b8-99b5-40586f57e775,1,Game #2 @ 3:29:04 PM,,21,0,25,kingleo008@yahoo.com,1,0,242,3,350,49,55,0,2016-04-02 15:29:05.619000,,0,0,0
353,ec4781e2-782a-42ae-847d-a92f75a346cf,4,"Match: Varsity 2016 vs. Montour on Apr 2, 2016",,1,0,0,kingleo008@yahoo.com,1,0,,2,340,49,51,0,2016-04-02 17:13:43.301000,,0,0,0
354,4eb51c6f-b4d9-4104-b8a5-8943911575bb,0,Game #1 @ 5:13:39 PM,,25,0,14,kingleo008@yahoo.com,1,0,243,3,353,49,51,0,2016-04-02 17:13:43.302000,,0,0,0
355,0202b3db-50d5-4410-9cb4-361eb1f800ec,5,"Match: Varsity 2016 vs. Norwin on Apr 2, 2016",,0,0,1,kingleo008@yahoo.com,1,0,,2,340,49,60,0,2016-04-02 17:34:11.348000,,0,0,0
356,41d8f186-79aa-4fd7-b851-c9a6b08c960d,0,Game #1 @ 5:34:09 PM,,12,0,25,kingleo008@yahoo.com,1,0,244,3,355,49,60,0,2016-04-02 17:34:11.349000,,0,0,0
357,efcf15ad-c159-4ebe-9b4d-ca4cf7b33bc7,4,"Match: Varsity 2016 vs. Pine Richland on Apr 5, 2016",,1,0,3,kingleo008@yahoo.com,1,0,,4,,49,61,0,2016-04-05 19:15:37.269000,,0,0,0
358,a87fdb1c-0e43-4137-9eff-0a53f3fed57e,0,Game #1 @ 7:15:22 PM,,25,0,21,kingleo008@yahoo.com,1,0,245,5,357,49,61,0,2016-04-05 19:15:37.271000,,0,0,0
359,6c5ea3ff-5886-417b-9424-09e729f8f9a4,1,Game #2 @ 7:43:25 PM,,20,0,25,kingleo008@yahoo.com,1,0,246,5,357,49,61,0,2016-04-05 19:43:26.821000,,0,0,0
360,cb49556b-9735-4dd4-991a-1a1a37bc00f9,2,Game #3 @ 8:09:31 PM,,24,0,26,kingleo008@yahoo.com,1,0,247,5,357,49,61,0,2016-04-05 20:09:31.974000,,0,0,0
361,d43a3788-1c72-4d8a-9854-c3d59caffc99,3,Game #4 @ 8:39:35 PM,,23,0,25,kingleo008@yahoo.com,1,0,248,5,357,49,61,0,2016-04-05 20:39:37.242000,,0,0,0
362,598d9304-3aae-4588-afa2-9e81a62bf9a7,5,"Match: Varsity 2016 vs. Shaler on Apr 7, 2016",,3,0,2,kingleo008@yahoo.com,1,0,,4,,49,62,0,2016-04-07 18:58:31.560000,,0,0,0
363,2eb88694-fcbb-482a-821f-fc8ba6ab2ca6,0,Game #1 @ 6:58:22 PM,,25,0,23,kingleo008@yahoo.com,1,0,249,5,362,49,62,0,2016-04-07 18:58:31.562000,,0,0,0
364,4f75cfe1-b7bc-403f-aaba-c1312bc69274,1,Game #2 @ 7:32:15 PM,,25,0,21,kingleo008@yahoo.com,1,0,250,5,362,49,62,0,2016-04-07 19:32:16.938000,,0,0,0
365,1a6666fd-8d27-4f0a-b907-bacbcd652568,2,Game #3 @ 7:56:12 PM,,21,0,25,kingleo008@yahoo.com,1,0,251,5,362,49,62,0,2016-04-07 19:56:15.967000,,0,0,0
366,c400a73d-a55d-404f-8410-0878f9cacd66,3,Game #4 @ 8:19:08 PM,,21,0,25,kingleo008@yahoo.com,1,0,252,5,362,49,62,0,2016-04-07 20:19:09.837000,,0,0,0
367,0421b37a-2c16-4b9a-9314-1db8c845a66a,4,Game #5 @ 8:40:26 PM,,15,0,11,kingleo008@yahoo.com,1,0,253,5,362,49,62,0,2016-04-07 20:41:13.135000,,0,0,0
368,f8937aae-98bd-4e8a-a4d3-7e0b12e1f72d,6,Tournament: Fox Chapel,,3,0,3,kingleo008@yahoo.com,1,0,,1,,49,,0,2016-04-09 09:27:51.294000,,0,0,0
369,195b5623-182a-4003-9773-c0c1f44d1797,0,"Match: Varsity 2016 vs. Plum on Apr 9, 2016",,2,0,0,kingleo008@yahoo.com,1,0,,2,368,49,53,0,2016-04-09 09:27:51.296000,,0,0,0
370,8841453d-d49f-4729-899a-c884714f7d38,0,Game #1 @ 9:27:41 AM,,25,0,14,kingleo008@yahoo.com,1,0,254,3,369,49,53,0,2016-04-09 09:27:51.298000,,0,0,0
371,67e109a2-a2ea-47a8-a522-2e8b3c3d4cc1,1,Game #2 @ 9:43:50 AM,,26,0,24,kingleo008@yahoo.com,1,0,255,3,369,49,53,0,2016-04-09 09:43:51.929000,,0,0,0
372,8d8d4edd-76f2-438f-bcd2-87a6a99fcb27,1,"Match: Varsity 2016 vs. Bethel Park  on Apr 9, 2016",,0,0,2,kingleo008@yahoo.com,1,0,,2,368,49,63,0,2016-04-09 10:15:40.030000,,0,0,0
373,99a28c86-bf96-456b-b7ce-64e05ccf3a61,0,Game #1 @ 10:15:36 AM,,18,0,25,kingleo008@yahoo.com,1,0,256,3,372,49,63,0,2016-04-09 10:15:40.031000,,0,0,0
374,8486d152-7da1-435d-9432-2ebce1b92e03,1,Game #2 @ 10:36:03 AM,,19,0,25,kingleo008@yahoo.com,1,0,257,3,372,49,63,0,2016-04-09 10:36:04.701000,,0,0,0
375,a2f9e5c1-43f2-4e0e-a1c3-c68d0c8b011f,2,"Match: Varsity 2016 vs. Peters Township on Apr 9, 2016",,0,0,1,kingleo008@yahoo.com,1,0,,2,368,49,64,0,2016-04-09 12:16:05.604000,,0,0,0
376,96d906c3-15cd-4ea6-b290-c2ea18a3c1ff,0,Game #1 @ 12:15:10 PM,,12,0,15,kingleo008@yahoo.com,1,0,258,3,375,49,64,0,2016-04-09 12:16:05.605000,,0,0,0
377,6e9cd640-8e66-4b28-b8f6-6ea7581a6884,3,"Match: Varsity 2016 vs. Plum on Apr 9, 2016",,2,0,0,kingleo008@yahoo.com,1,0,,2,368,49,53,0,2016-04-09 12:42:50.156000,,0,0,0
378,05a36940-33b7-4ecd-824e-88fb37a2af75,0,Game #1 @ 12:42:45 PM,,25,0,16,kingleo008@yahoo.com,1,0,259,3,377,49,53,0,2016-04-09 12:42:50.157000,,0,0,0
379,ef3c3372-fcb9-48c9-b1f7-804f6b5b2a66,1,Game #2 @ 12:57:13 PM,,25,0,17,kingleo008@yahoo.com,1,0,260,3,377,49,53,0,2016-04-09 12:57:33.423000,,0,0,0
380,d67a0735-4559-41a3-9798-40a5c7c1560f,4,"Match: Varsity 2016 vs. Conneaut Valley on Apr 9, 2016",,2,0,0,kingleo008@yahoo.com,1,0,,2,368,49,65,0,2016-04-09 14:11:45.306000,,0,0,0
381,f1dff885-40ce-4134-9a2d-53f650a959c0,0,Game #1 @ 2:11:35 PM,,25,0,15,kingleo008@yahoo.com,1,0,261,3,380,49,65,0,2016-04-09 14:11:45.306000,,0,0,0
382,e95ab0b4-7904-4ed5-bd9a-bb1315e239a1,1,Game #2 @ 2:29:33 PM,,25,0,17,kingleo008@yahoo.com,1,0,262,3,380,49,65,0,2016-04-09 14:29:34.584000,,0,0,0
383,3529cefe-5b3b-4c1e-9e89-d6fdf5e62a26,5,"Match: Varsity 2016 vs. Bethel Park  on Apr 9, 2016",,0,0,1,kingleo008@yahoo.com,1,0,,2,368,49,63,0,2016-04-09 16:41:20.477000,,0,0,0
384,d9e63489-c602-4f38-8d25-22be9a8d869a,0,Game #1 @ 4:41:18 PM,,19,0,25,kingleo008@yahoo.com,1,0,263,3,383,49,63,0,2016-04-09 16:41:20.477000,,0,0,0
385,515c62ae-d0ec-475e-ac4c-269ce0a95fe6,7,"Match: Varsity 2016 vs. North Hills  on Apr 12, 2016",,3,0,0,kingleo008@yahoo.com,1,0,,4,,49,54,0,2016-04-12 19:46:28.187000,,0,0,0
386,a977d9bd-72f2-41dd-be30-2b47990a4e13,0,Game #1 @ 7:46:17 PM,,25,0,20,kingleo008@yahoo.com,1,0,264,5,385,49,54,0,2016-04-12 19:46:28.190000,,0,0,0
387,8bd614a6-7e96-4693-82ca-945742341aae,1,Game #2 @ 8:17:00 PM,,25,0,21,kingleo008@yahoo.com,1,0,265,5,385,49,54,0,2016-04-12 20:17:02.150000,,0,0,0
388,a1d4c6cd-abc6-4510-b9ad-779dccc9beb9,2,Game #3 @ 8:42:07 PM,,25,0,9,kingleo008@yahoo.com,1,0,266,5,385,49,54,0,2016-04-12 20:42:08.996000,,0,0,0
389,e2a455ab-cfd2-43a6-bf6e-c67922ea4389,8,"Match: Varsity 2016 vs. Seneca Valley on Apr 14, 2016",,0,0,3,kingleo008@yahoo.com,1,0,,4,,49,66,0,2016-04-14 19:12:35.329000,,0,0,0
390,a8a9ee96-20c3-49ee-9f06-339d0c359fb6,0,Game #1 @ 7:12:26 PM,,18,0,25,kingleo008@yahoo.com,1,0,267,5,389,49,66,0,2016-04-14 19:12:35.330000,,0,0,0
391,04a913d3-fc3f-4a3e-bb37-0e5763c77cd4,1,Game #2 @ 7:37:21 PM,,10,0,25,kingleo008@yahoo.com,1,0,268,5,389,49,66,0,2016-04-14 19:37:25.707000,,0,0,0
392,1d511833-1cd4-497c-91a1-f7edd2b651de,2,Game #3 @ 7:56:10 PM,,20,0,25,kingleo008@yahoo.com,1,0,269,5,389,49,66,0,2016-04-14 19:56:11.973000,,0,0,0
393,fe4a1e1b-89e7-4eca-a0be-677af65cbc2a,9,"Match: Varsity 2016 vs. Butler on Apr 21, 2016",,0,0,3,kingleo008@yahoo.com,1,0,,4,,49,56,0,2016-04-21 19:20:02.558000,,0,0,0
394,e2acaa8a-ff08-4076-9691-c51a143bdd4e,0,Game #1 @ 7:19:48 PM,,23,0,25,kingleo008@yahoo.com,1,0,270,5,393,49,56,0,2016-04-21 19:20:02.560000,,0,0,0
395,c2fa2673-1f8e-443a-acce-a72f25fbcbac,1,Game #2 @ 7:44:20 PM,,14,0,25,kingleo008@yahoo.com,1,0,271,5,393,49,56,0,2016-04-21 19:44:21.589000,,0,0,0
396,b789b654-86ed-46f7-b1e9-60a569723477,2,Game #3 @ 8:03:33 PM,,22,0,25,kingleo008@yahoo.com,1,0,272,5,393,49,56,0,2016-04-21 20:03:34.526000,,0,0,0
397,c291da02-22ae-4b54-adb7-b4ea06ba0cfe,10,Tournament: Plum,,2,2,3,kingleo008@yahoo.com,1,0,,1,,49,,0,2016-04-23 08:35:16.464000,,0,0,0
398,96990f79-a677-441c-8f72-40fdd90405e2,0,"Match: Varsity 2016 vs. Central Catholic on Apr 23, 2016",,1,0,0,kingleo008@yahoo.com,1,0,,2,397,49,67,0,2016-04-23 08:35:16.466000,,0,0,0
399,63e331b1-288c-4e02-94c4-d3a77a5ffb6e,0,Game #1 @ 8:35:07 AM,,25,0,20,kingleo008@yahoo.com,1,0,273,3,398,49,67,0,2016-04-23 08:35:16.468000,,0,0,0
400,20931c63-ccde-4068-b076-9efe0417780f,1,"Match: Varsity 2016 vs. South Park on Apr 23, 2016",,1,0,0,kingleo008@yahoo.com,1,0,,2,397,49,68,0,2016-04-23 09:27:05.587000,,0,0,0
401,f9bca637-ba1b-4f43-9c85-3916bb014b22,0,Game #1 @ 9:26:54 AM,,25,0,10,kingleo008@yahoo.com,1,0,274,3,400,49,68,0,2016-04-23 09:27:05.588000,,0,0,0
402,823193f6-41d4-44ee-a16f-d6da96337b65,2,"Match: Varsity 2016 vs. Norwin on Apr 23, 2016",,0,0,1,kingleo008@yahoo.com,1,0,,2,397,49,60,0,2016-04-23 10:44:38.879000,,0,0,0
403,ef156fe6-0d2e-4465-b899-a8e27252954b,0,Game #1 @ 10:44:34 AM,,23,0,25,kingleo008@yahoo.com,1,0,275,3,402,49,60,0,2016-04-23 10:44:38.879000,,0,0,0
404,451f2051-f550-4e72-a0c0-ddf84009864a,3,"Match: Varsity 2016 vs. Bishop Guilfoyle on Apr 23, 2016",,0,0,2,kingleo008@yahoo.com,1,0,,2,397,49,69,0,2016-04-23 11:39:39.067000,,0,0,0
405,058ce950-5d63-4a0d-b10f-d44c7fdac29c,0,Game #1 @ 11:39:24 AM,,21,0,25,kingleo008@yahoo.com,1,0,276,3,404,49,69,0,2016-04-23 11:39:39.067000,,0,0,0
406,ff123c81-3600-4478-9d08-e8ba6db33bed,1,Game #2 @ 11:58:05 AM,,12,0,25,kingleo008@yahoo.com,1,0,277,3,404,49,69,0,2016-04-23 11:58:07.714000,,0,0,0
407,fc16782b-b280-4a67-8b1f-f1dab92744bc,4,"Match: Varsity 2016 vs. Baldwin on Apr 23, 2016",,1,0,1,kingleo008@yahoo.com,1,0,,2,397,49,70,0,2016-04-23 12:59:10.293000,,0,0,0
408,5f4897a7-790c-45fa-822f-706e8cce7090,0,Game #1 @ 12:59:03 PM,,25,0,21,kingleo008@yahoo.com,1,0,278,3,407,49,70,0,2016-04-23 12:59:10.294000,,0,0,0
409,ff8a7092-ae9c-4378-a5f7-061e64c9c489,1,Game #2 @ 1:21:43 PM,,23,0,25,kingleo008@yahoo.com,1,0,279,3,407,49,70,0,2016-04-23 13:21:44.605000,,0,0,0
410,02e0461e-7e86-49e4-b8df-b9e92b8a2aa1,5,"Match: Varsity 2016 vs. Montour on Apr 23, 2016",,1,0,1,kingleo008@yahoo.com,1,0,,2,397,49,51,0,2016-04-23 15:18:05.357000,,0,0,0
411,c651c078-9c01-4676-bfb8-89ddcc52ab86,0,Game #1 @ 3:18:00 PM,,16,0,23,kingleo008@yahoo.com,1,0,280,3,410,49,51,0,2016-04-23 15:18:05.358000,,0,0,0
412,03523ac8-3bad-478a-b9c8-f9f3e0e784a7,1,Game #2 @ 3:34:24 PM,,25,0,18,kingleo008@yahoo.com,1,0,281,3,410,49,51,0,2016-04-23 15:34:25.315000,,0,0,0
413,6ae229aa-8dc7-4f43-800d-6936591417a7,6,"Match: Varsity 2016 vs. Bethel Park  on Apr 23, 2016",,0,0,1,kingleo008@yahoo.com,1,0,,2,397,49,63,0,2016-04-23 16:26:42.697000,,0,0,0
414,b4528a83-0c30-4720-b350-902042232772,0,Game #1 @ 4:26:39 PM,,22,0,25,kingleo008@yahoo.com,1,0,282,3,413,49,63,0,2016-04-23 16:26:42.699000,,0,0,0
415,7dfd89ae-608f-4bc2-9e56-b9da7ba9a03d,11,"Match: Varsity 2016 vs. NA on Apr 26, 2016",,1,0,3,kingleo008@yahoo.com,1,0,,4,,49,55,0,2016-04-26 19:05:16.665000,,0,0,0
416,68ebf945-0fa6-4b66-a802-089d243ae730,0,Game #1 @ 7:05:11 PM,,16,0,25,kingleo008@yahoo.com,1,0,283,5,415,49,55,0,2016-04-26 19:05:16.666000,,0,0,0
417,af9ef975-8ff2-460f-adbc-223cea80b998,1,Game #2 @ 7:26:03 PM,,27,0,29,kingleo008@yahoo.com,1,0,284,5,415,49,55,0,2016-04-26 19:26:04.033000,,0,0,0
418,c200ab57-eb3e-4169-b87f-c9478d6e2847,2,Game #3 @ 7:55:35 PM,,25,0,20,kingleo008@yahoo.com,1,0,285,5,415,49,55,0,2016-04-26 19:55:36.820000,,0,0,0
419,a6385b17-91d2-4ed0-a8ab-37d348af2160,3,Game #4 @ 8:20:57 PM,,14,0,25,kingleo008@yahoo.com,1,0,286,5,415,49,55,0,2016-04-26 20:21:01.662000,,0,0,0
420,c64281d5-1ea1-4ef7-aa4a-3336b2938101,12,"Match: Varsity 2016 vs. Pine Richland on Apr 28, 2016",,0,0,3,kingleo008@yahoo.com,1,0,,4,,49,61,0,2016-04-28 19:39:01.747000,,0,0,0
421,9dd178b4-c890-4b77-a797-86cabfb93970,0,Game #1 @ 7:38:37 PM,,24,0,26,kingleo008@yahoo.com,1,0,287,5,420,49,61,0,2016-04-28 19:39:01.749000,,0,0,0
422,789f9058-da7d-4c08-8d99-e044e9f61b99,1,Game #2 @ 8:05:43 PM,,16,0,25,kingleo008@yahoo.com,1,0,288,5,420,49,61,0,2016-04-28 20:05:45.360000,,0,0,0
423,36e7329c-545b-4ca3-862b-7d65e3e5efc8,2,Game #3 @ 8:25:51 PM,,18,0,25,kingleo008@yahoo.com,1,0,289,5,420,49,61,0,2016-04-28 20:25:52.484000,,0,0,0
424,7cff17e8-a874-4fc4-85fa-7672f381c66c,13,"Match: Varsity 2016 vs. North Hills  on May 5, 2016",,3,0,1,kingleo008@yahoo.com,1,0,,4,,49,54,0,2016-05-05 19:35:46.357000,,0,0,0
425,5f4d354f-24c0-45e6-a0b4-912ce90d7b3e,0,Game #1 @ 7:35:39 PM,,26,0,28,kingleo008@yahoo.com,1,0,290,5,424,49,54,0,2016-05-05 19:35:46.359000,,0,0,0
426,f7cd42cf-26c4-4e19-94cc-42d98fe0701a,1,Game #2 @ 8:01:44 PM,,25,0,18,kingleo008@yahoo.com,1,0,291,5,424,49,54,0,2016-05-05 20:01:49.496000,,0,0,0
427,028ccf5e-fbec-4614-943f-eb5665977364,2,Game #3 @ 8:23:01 PM,,25,0,19,kingleo008@yahoo.com,1,0,292,5,424,49,54,0,2016-05-05 20:23:09.906000,,0,0,0
428,e3ca7c93-b2e2-4b04-b42b-40404cfb24bb,3,Game #4 @ 8:48:43 PM,,25,0,19,kingleo008@yahoo.com,1,0,293,5,424,49,54,0,2016-05-05 20:48:45.855000,,0,0,0
429,c4b0bed3-bcdc-4724-87a4-9f550ac77a54,14,"Match: Varsity 2016 vs. Seneca Valley on May 10, 2016",,0,0,3,kingleo008@yahoo.com,1,0,,4,,49,66,0,2016-05-10 19:22:53.093000,,0,0,0
430,50f1e64e-fbee-48ed-894b-e5ac56325785,0,Game #1 @ 7:22:41 PM,,17,0,25,kingleo008@yahoo.com,1,0,294,5,429,49,66,0,2016-05-10 19:22:53.095000,,0,0,0
431,5a7c79b8-0603-4eff-bbf6-c0aca6828e4d,1,Game #2 @ 7:51:17 PM,,21,0,25,kingleo008@yahoo.com,1,0,295,5,429,49,66,0,2016-05-10 19:51:18.463000,,0,0,0
432,fc08c856-e84a-4858-afbf-04041e6577aa,2,Game #3 @ 8:17:12 PM,,17,0,25,kingleo008@yahoo.com,1,0,296,5,429,49,66,0,2016-05-10 20:17:13.169000,,0,0,0
433,245d5634-a261-4a2c-8b96-3e6ba4db4e68,15,,,0,0,3,kingleo008@yahoo.com,1,0,,4,,49,63,0,2016-05-13 17:26:27.738000,,0,0,0
434,a77ccd0d-f136-4625-b8ea-ef96ef65387a,0,Game #1 @ 5:26:18 PM,,16,0,25,kingleo008@yahoo.com,1,0,297,5,433,49,63,0,2016-05-13 17:26:27.741000,,0,0,0
435,7d20a1b5-89ac-4a19-a35c-5618022b766d,1,Game #2 @ 5:47:59 PM,,20,0,25,kingleo008@yahoo.com,1,0,298,5,433,49,63,0,2016-05-13 17:48:00.672000,,0,0,0
436,32711d45-b914-424a-89bc-254ea5aa6d0c,2,,,12,0,25,kingleo008@yahoo.com,1,0,299,5,433,49,63,0,2016-05-13 18:10:51.182000,,0,0,0
437,6effa453-754a-4e9f-99d6-07d2e8d16e2d,0,Tournament: Mt. Lebonan,,2,0,6,kingleo008@yahoo.com,1,0,,1,,71,,0,2017-09-02 09:08:46.473000,,0,0,0
438,508c9a36-db46-4a6f-9fe1-050d9137aea5,0,"Match: Girls 2017 vs. USC on Sep 2, 2017",,1,0,0,kingleo008@yahoo.com,1,0,,2,437,71,72,0,2017-09-02 09:08:46.475000,,0,0,0
439,21da4ef5-3c23-4c91-b1f6-dbb7417fd5c5,0,Game #1 @ 9:07:49 AM,,25,0,23,kingleo008@yahoo.com,1,0,300,3,438,71,72,0,2017-09-02 09:08:46.476000,,0,0,0
440,4272dd34-0bc6-496c-bf5a-4cbad6682be2,1,"Match: Girls 2017 vs. Bethel Park  on Sep 2, 2017",,0,0,1,kingleo008@yahoo.com,1,0,,2,437,71,73,0,2017-09-02 09:30:27.802000,,0,0,0
441,e260d718-0feb-414a-9a7c-be42d383eed7,0,Game #1 @ 9:30:21 AM,,18,0,25,kingleo008@yahoo.com,1,0,301,3,440,71,73,0,2017-09-02 09:30:27.803000,,0,0,0
442,f9bf1dab-10d3-4b5e-859e-c9ccf4a4e6e7,2,"Match: Girls 2017 vs. Mt Lebonan on Sep 2, 2017",,0,0,1,kingleo008@yahoo.com,1,0,,2,437,71,74,0,2017-09-02 10:35:48.278000,,0,0,0
443,fd94ecf7-bc0a-42fe-844c-c049a4c71444,0,Game #1 @ 10:35:26 AM,,19,0,25,kingleo008@yahoo.com,1,0,302,3,442,71,74,0,2017-09-02 10:35:48.279000,,0,0,0
444,abbc0d04-48c0-4445-b306-294c73f586f3,3,"Match: Girls 2017 vs. Seton La Salle on Sep 2, 2017",,1,0,0,kingleo008@yahoo.com,1,0,,2,437,71,75,0,2017-09-02 11:04:59.931000,,0,0,0
445,27d19ac9-a92f-4d15-b518-96dc128de0d8,0,Game #1 @ 11:04:37 AM,,25,0,16,kingleo008@yahoo.com,1,0,303,3,444,71,75,0,2017-09-02 11:04:59.932000,,0,0,0
446,494d46d0-1bff-4784-b353-2bff3173f2a5,4,"Match: Girls 2017 vs. Peters Township on Sep 2, 2017",,0,0,1,kingleo008@yahoo.com,1,0,,2,437,71,76,0,2017-09-02 12:07:51.073000,,0,0,0
447,8bd317f7-35c5-44a3-bc7d-362e24f41723,0,Game #1 @ 12:07:07 PM,,16,0,25,kingleo008@yahoo.com,1,0,304,3,446,71,76,0,2017-09-02 12:07:51.073000,,0,0,0
448,64391749-e694-43ec-b248-11382b7a76cc,5,"Match: Girls 2017 vs. Penn Trafford on Sep 2, 2017",,0,0,1,kingleo008@yahoo.com,1,0,,2,437,71,77,0,2017-09-02 12:54:20.524000,,0,0,0
449,afe077f7-8771-497b-913a-34c1aed58dd2,0,Game #1 @ 12:54:14 PM,,20,0,25,kingleo008@yahoo.com,1,0,305,3,448,71,77,0,2017-09-02 12:54:20.525000,,0,0,0
450,1bba0080-fade-4b03-bbf3-70d5b7e34ae4,6,"Match: Girls 2017 vs. Pine Richland on Sep 2, 2017",,0,0,1,kingleo008@yahoo.com,1,0,,2,437,71,78,0,2017-09-02 14:01:02.068000,,0,0,0
451,8a98c561-3f04-4869-955f-3c0c1809f596,0,Game #1 @ 2:00:59 PM,,18,0,25,kingleo008@yahoo.com,1,0,306,3,450,71,78,0,2017-09-02 14:01:02.069000,,0,0,0
452,cdf654df-25a3-4c1e-a7d6-0192ee9b9729,7,"Match: Girls 2017 vs. Norwin on Sep 2, 2017",,0,0,1,kingleo008@yahoo.com,1,0,,2,437,71,79,0,2017-09-02 14:32:13.379000,,0,0,0
453,b8274689-526e-4396-8ea0-78633ee0826c,0,Game #1 @ 2:32:08 PM,,13,0,25,kingleo008@yahoo.com,1,0,307,3,452,71,79,0,2017-09-02 14:32:13.380000,,0,0,0
454,944c7ce4-65e0-4ed6-b5a1-5dcab8a64990,0,,,2,0,0,kingleo008@yahoo.com,1,0,,4,,80,81,0,2017-09-05 17:51:43.803000,,0,0,0
455,7aff38b4-e13b-4b16-909d-664b74709239,0,Game #1 @ 5:51:36 PM,,25,0,2,kingleo008@yahoo.com,1,0,308,5,454,80,81,0,2017-09-05 17:51:43.804000,,0,0,0
456,1218458d-8791-4fbf-a2b9-8caf22f4da59,1,,,25,0,13,kingleo008@yahoo.com,1,0,309,5,454,80,81,0,2017-09-05 18:06:43.747000,,0,0,0
457,da764ed1-21a1-41e3-b780-c4f091fcbd00,1,"Match: Girls 2017 vs. Woodland Hillls on Sep 5, 2017",,3,0,0,kingleo008@yahoo.com,1,0,,4,,71,82,0,2017-09-05 18:45:10.442000,,0,0,0
458,877cc51e-e2df-4b97-948f-ccd5bda5b83a,0,Game #1 @ 6:45:03 PM,,25,0,9,kingleo008@yahoo.com,1,0,310,5,457,71,82,0,2017-09-05 18:45:10.443000,,0,0,0
459,1c12c670-63f4-4304-b34a-3e0b1987f7c8,1,Game #2 @ 7:14:22 PM,,27,0,25,kingleo008@yahoo.com,1,0,311,5,457,71,82,0,2017-09-05 19:14:23.574000,,0,0,0
460,bd0cecc3-724b-4359-a044-7f40cb2ba974,2,Game #3 @ 7:39:55 PM,,25,0,17,kingleo008@yahoo.com,1,0,312,5,457,71,82,0,2017-09-05 19:39:59.282000,,0,0,0
461,dddb938f-1e87-4630-ac8b-cb11b1e2eda3,2,"Match: Girls 2017 vs. Penn Hills on Sep 7, 2017",,3,0,0,kingleo008@yahoo.com,1,0,,4,,71,83,0,2017-09-07 19:17:57.448000,,0,0,0
462,f6d5c5c1-71bc-4f3d-8c20-485a0b0baa1b,0,Game #1 @ 7:17:40 PM,,25,0,13,kingleo008@yahoo.com,1,0,313,5,461,71,83,0,2017-09-07 19:17:57.450000,,0,0,0
463,48b48036-8a13-4789-be66-b73de17cba63,1,Game #2 @ 7:56:02 PM,,25,0,18,kingleo008@yahoo.com,1,0,314,5,461,71,83,0,2017-09-07 19:56:03.494000,,0,0,0
464,42c31810-0c6d-478a-852f-08d3a9f558f3,2,Game #3 @ 8:20:23 PM,,25,0,18,kingleo008@yahoo.com,1,0,315,5,461,71,83,0,2017-09-07 20:20:24.108000,,0,0,0
465,8f78353d-9b92-4ce5-abe6-decc67b16d35,3,,,1,0,1,kingleo008@yahoo.com,1,0,,1,,71,,0,2017-09-09 08:57:17.356000,,0,0,0
466,a87fd6d7-4c17-4b2b-8301-af6f62d99569,0,"Match: Girls 2017 vs. Titusville on Sep 9, 2017",,1,0,0,kingleo008@yahoo.com,1,0,,2,465,71,84,0,2017-09-09 08:57:17.357000,,0,0,0
467,28115e1a-c352-49cb-a9c6-8aaba3e6f613,0,Game #1 @ 8:54:13 AM,,25,0,8,kingleo008@yahoo.com,1,0,316,3,466,71,84,0,2017-09-09 08:57:17.357000,,0,0,0
468,618341fe-8e30-40bb-b2e2-9c3e8fdb6428,1,,,0,0,1,kingleo008@yahoo.com,1,0,,2,465,71,85,0,2017-09-09 09:57:34.762000,,0,0,0
469,5517b343-d69b-46bc-bb68-c7083f1b73d6,0,,,21,0,25,kingleo008@yahoo.com,1,0,317,3,468,71,85,0,2017-09-09 09:57:34.764000,,0,0,0
