GAME|UUID|STARTTIME|NEXTSTATINDEX|CURRENTSTATE|OURSEASON|THEIRSEASON|TAKESTATSNOWEVENT
3|40d0770f-c67e-44f6-85f9-b6d1442d6761||128|96|2|3|0
4|a59ce4c2-ce52-4ff4-965f-545b98f240b8||173|161|2|3|0
5|efd2b06d-31d6-4b8e-9f48-1d6f95278888||159|224|1|3|0
6|8520bf2a-d8e8-4207-b458-a112bbfcf9c4||148|224|1|3|0
7|347f5d70-7dd3-4b62-9d21-de5424af6b74||154|335|1|3|0
8|e8bdf6f3-2927-418a-a02c-6221b2129ef4||212|430|1|4|0
9|d97e23d1-6197-4802-8eea-f111c58b6a59||198|518|1|4|0
11|b4c1184d-1cc5-4166-84be-47df280877a8||166|596|1|6|0
12|7af0e55f-21d8-445f-aa62-5207624fe1f3||172|678|1|6|0
13|785589d2-b658-4cee-987c-9a9ac7503a39||203|767|1|3|0
14|eeb1f26e-f298-4c31-a321-a1223f9679ff||206|839|1|3|0
15|8c053a3e-50d9-4d38-81aa-a8c0a57b9607||158|914|1|7|0
16|9457e7a2-2f37-495c-b7fb-235f4b106f91||213|997|1|8|0
17|cd0a137d-27e8-4cf9-8c2e-8217122fe3b1||156|1061|1|9|0
18|4c6697dd-d460-4961-b823-9ec1c96aa855||186|1137|1|10|0
19|693f703c-5794-4d4a-8d9b-4171f7634a96||175|1211|2|11|0
20|7c940576-dd5a-4c19-8ba3-7c5d7f10d71d||170|1289|2|11|0
21|aaac19ce-8bee-416a-b316-5e447182d562||141|1333|1|11|0
22|518d795c-ecfb-4b5b-bc08-b8f121918138||151|1403|1|11|0
23|d1e324a1-fc56-4d34-9d51-06f55edf9136||132|1474|1|11|0
24|c9ea1c18-67b4-42ee-8075-46b301cf80de||134|1540|2|12|0
25|10b1fd9e-5482-4342-b71e-27ad51c5fc23||163|1612|2|12|0
26|ddaf28c7-a314-4394-a50d-7f948e153014||204|1693|1|12|0
27|7c8b5aa4-f5a6-4d7d-95b8-3d536faf95c3||174|1748|1|12|0
28|c20dccc2-1975-4f21-a5f7-9d49443b7edf||148|1815|1|12|0
29|59926b43-7d8a-4729-91f0-3039195ab584||147|1887|1|13|0
30|8db3d3cd-85c9-4291-80ca-6102068cccd6||154|1947|1|13|0
31|823b1aa4-6826-45fd-9d0c-dc0a488d25d1||167|2018|1|14|0
32|f1c099a5-0e0d-410d-86ce-6b873d12b373||167|2089|1|14|0
33|97a73126-30c5-4535-9bfb-f127eee2d63a||177|2174|1|15|0
34|d93e5df3-03ff-4adb-aa08-383b305e6fee||197|2233|1|15|0
35|c6546d85-fcc8-4038-9b52-1d0db350c85c||162|2301|1|16|0
36|54343cb4-fbaa-4809-91b7-c936a4ffaf74||166|2375|1|16|0
37|f8b54859-2538-46bf-8860-861a61fea162||138|2445|1|17|0
38|78814cb5-015c-442e-8c12-60f4344303e0||200|2509|1|17|0
39|f232db9f-3134-4525-ad3f-aba51ca3139f||148|2569|1|18|0
40|dfdb07dc-e708-4e00-9103-c5c3362f1c6a||217|2653|1|16|0
41|2de46f5f-e7c4-4e43-a11c-6246d524ae59||230|2751|1|17|0
43|1baa5fc3-8382-4e3b-9866-49a949631fdb||138|2822|2|19|0
44|fd2507f2-62bf-4e61-9287-a1994ecb1217||205|2914|2|19|0
45|34733fab-b60c-4eb5-ab1e-4468110113e5||151|2963|1|19|0
46|f4f3a34a-ead2-4479-989a-d8ee0bbcffa1||0||1|19|0
47|02681088-ad6c-4f20-bb63-83c84edb33fd||194|3031|1|19|0
48|658ff348-1b6b-4716-8c13-a6bcb40c878d||167|3073|1|19|0
49|02c0416f-0cb7-42ca-8d06-c384b4543dda||194|3165|2|6|0
50|11826cb3-caab-41d5-9de4-4d9e1cd9beed||180|3238|2|6|0
51|bab1d0f1-8214-490d-a9c0-dd42a5d87c2a||188|3310|1|6|0
52|2e1db560-7b4c-49e1-8576-8b2291b1ac66||178|3355|1|6|0
53|16504e05-4017-4222-b188-6764f97c01e8||155|3418|1|6|0
54|2e63f7c6-eb01-4f0f-95cd-98a213729575||163|3489|2|3|0
55|48d3724f-86be-4c15-9deb-74e68592bb57||152|3556|2|3|0
57|d5152dfb-fe3d-4576-8371-48b4e651747c||200|3610|1|3|0
58|142d635a-a137-47ad-ad68-104d216c389e||198|3692|1|3|0
59|fe7f15f2-106e-4ff6-958e-a3c6755fa68f||150|3746|1|3|0
60|78eac956-5e2b-4c02-8981-ea3a51f9babb||186|3802|1|3|0
61|af5a0207-d078-460a-a3da-42af832291e1||214|3878|2|18|0
62|a95e1750-c884-4cdb-9165-48057539819f||127|3934|2|18|0
63|7c7f1ee7-97c7-43f5-9818-3e5b46be7b0c||183|3993|1|18|0
64|d9a79d25-a4d8-4ea9-88d7-3bdbae5a5c98||201|4074|1|18|0
65|79b7d487-c346-40ee-a569-65c34b84d9fc||155|4143|1|18|0
66|0391a152-c4a7-4f8e-b5aa-d22170fe2276||146|4232|1|20|0
67|7aae1bcc-e89a-464b-a381-1190e3436a19||227|4318|1|20|0
68|fa31f7e2-54be-4e47-a76f-f536d79b81aa||137|4375|1|21|0
69|99e43c44-744d-48a5-ac94-523231bd5a8c||166|4464|1|21|0
70|a6d35b81-3f5e-408e-93de-cf1103183403||137|4518|1|22|0
71|5585a8fe-61c2-4828-b7bd-f02f0773ac66||156|4583|1|22|0
72|ed78826b-8daa-4b4f-b4f6-405129a42746||150|4626|1|14|0
73|81ffa2ca-3035-4b74-b6d0-a9815326bab7||176|4706|1|23|0
74|efbc9bf6-a3a4-4745-a45e-e335618d33ae||184|4787|1|8|0
75|9d89f8a6-0a0b-42a7-9763-2ca4b9c8b7b2||150|4833|1|7|0
76|f185c001-39c2-4b55-acf9-4b305fbdae30||147|4875|1|23|0
77|aef8afdc-001a-4595-b159-06d9907a1caf||153|4924|1|19|0
78|ac4b60e6-6387-4b3b-bf63-741e4c0c1b22||196|4990|1|6|0
79|a5c3a418-5c01-459f-9fea-88462c0259e3||166|5094|1|6|0
80|3cdc5cb8-0bd4-418b-89dc-986e9dbcb288||204|5142|1|6|0
81|58a6f311-f051-422a-9c4b-24a3f1c58455||151|5182|1|11|0
82|a236983c-8644-4539-bc8c-adb7583eefd8||171|5207|1|11|0
83|26954cac-7e51-4bf0-a7b1-b48433afd97e||192|3802|1|11|0
84|47dc6f4c-1c7a-4427-acc6-0f65602d9929||157|5339|2|13|0
85|27a7fd38-efce-45d2-a8b6-5471da30599c||176|5431|2|13|0
86|9a729665-f79d-453c-8a43-90dd7507fa58||110|5469|2|13|0
87|ce6aad56-6c45-4792-a9c2-39fa4860897b||149|5521|1|13|0
89|a1a3a3d4-e980-4062-ba57-ed1bba119af4||208|5581|1|13|0
90|f9e910f3-1fd8-47f7-a346-e1e0d0a2ea3f||205|5620|1|13|0
91|16c0f5c2-ee48-442a-99fd-b0c0c506cbac||189|5701|2|12|0
92|ea1a3509-e047-42cb-9527-2500a6ca0ce4||175|5799|2|12|0
93|7d674c49-40b0-4778-9160-39e049dafba4||241|5893|1|24|0
94|c2a3010b-a779-4d58-8238-5dd030d0d98b||194|5937|1|24|0
95|76b62a5e-b366-48b1-ba5a-071003d960f2||218|5982|1|24|0
96|b4e73103-1409-40d2-8794-154dc178fd38||179|6036|1|24|0
97|d5781dc4-346f-4f26-afa0-5b2acee0d4f4||119|6069|1|24|0
98|ce88fe8b-39ed-4684-ad83-15d572eb82b2||175|6148|1|15|0
99|c1a3f437-4971-4264-a8d7-3ed81a7524c9||195|5207|1|15|0
100|f8e02976-aff6-4b39-b9c1-81bfa0186a69||211|6242|1|15|0
101|8a0d8766-31b4-43ce-931e-9c18127e70e4||202|6295|1|15|0
102|6fbe9596-ca06-4926-a011-94f082341d00||141|6340|1|13|0
103|0d8a92fc-e865-4ce5-ad73-bbf835d2817a||151|3073|1|13|0
104|53528ac4-23d2-43e4-b0f3-f75ff3a69252||161|6429|1|13|0
105|b0947ca9-faef-4c57-b5e1-955c57e4ea23||140|6462|1|23|0
106|3f2d8fd6-13e6-4fd9-be6f-fb03827040ad||176|6515|1|23|0
107|dc6ed55d-b749-4cde-82e3-adaaad46ac7f||200|6585|1|23|0
108|1ee39aa8-46ef-4ba7-847c-de20540cdd96||165|6642|1|23|0
109|a118fdab-9d19-4e3c-978f-321705dee324||110|6671|1|23|0
110|bcb4fb3f-824a-4e62-8c9e-182bca9e16fb||179|5521|1|24|0
111|c355ceda-60bf-4322-bc1e-7cfa65c039ce||130|6735|1|24|0
112|88b7bc0a-4151-4a46-b1ae-c04c0ced4595||185|6788|1|24|0
113|b12d7142-ccab-4426-8c51-bae20a866e08||190|6826|1|24|0
115|fa20366e-dc37-458c-87e7-8e662af32105||203|6884|1|25|0
116|b3a47095-50d6-42bf-8223-52679a76caa9||194|6936|1|25|0
118|6d496e4d-e6d1-4e0c-ac4a-d28bfed59912||178|7004|1|25|0
119|85d32d93-597b-45e8-9960-8ef4d1ae21f2||187|7062|1|15|0
120|599c2af4-bae2-4370-b943-49be38bc7b16||160|7099|1|15|0
121|df240f48-dffd-4d63-be71-e3e3b2515fb2||215|7167|1|15|0
122|98715c88-ae14-485d-aa0f-94de4bb07d13||187|7247|1|15|0
123|9b6c8159-2ce0-4b62-b058-009fa5d43c03||96|7284|1|15|0
124|20e88cad-44ee-4a32-9861-73e01f323928||208|7333|1|24|0
125|41dd04ee-93cd-4ecf-b034-ab23dab2ac7e||166|7390|1|24|0
126|4e28150d-cc02-4c71-8abb-5621280379ea||215|7464|1|24|0
127|f8e76189-281f-4499-afe8-4124157337a0||198|6242|1|24|0
128|f8a6e4c2-b6bf-4f84-bdf6-075eafd1ce8b||116|7547|1|24|0
129|adaf01ca-028e-4107-a460-9ddfcef90d02||196|7577|1|26|0
130|ecce1e77-69b1-4d4d-8a23-18c49da663cd||200|7637|1|26|0
131|9ad9406a-d0b6-4ec3-bf2e-34109683e7ae||180|7693|1|26|0
132|dc044ba1-a082-4b3d-a434-75aa50a3d81c||199|7782|1|26|0
133|bd4683e7-37e4-4ce8-9fbf-7335939252d4||185|7868|27|28|0
134|847671d8-fe9b-4851-9f6f-31311a2a5226||180|7926|27|28|0
135|7563d0ce-01f1-43e2-9386-9bc3e7537e82||166|8010|27|29|0
136|307e13fd-7019-413b-9865-4f5f8ff817cc||224|8090|27|29|0
137|22f9c795-c36f-4b56-be6d-f70d8387d960||172|8144|27|30|0
138|aa6e02dc-06c5-4e54-baa3-d163ef335020||195|8203|27|30|0
139|f69b9e70-7427-4ccd-a80a-09baec87ac3c||189|8265|27|31|0
140|0b109d1e-557f-441b-a437-5af1c9adfbec||153|8329|27|31|0
141|9d91c67f-7289-46ca-aa5d-96798d67fb2d||204|8408|27|28|0
142|babc9f89-1542-4707-9fba-268fd10f9fc8||203|8459|27|30|0
143|ecc8ae4c-7f1e-4268-a1ea-280b77784137||74|8505|32|33|0
144|c1145208-69a9-49bf-9a5b-3e8e2760aeb0||70|8542|32|33|0
145|866f5c6f-c1f2-4fe2-95a2-4d2936ee39a8||115|8590|27|34|0
146|2a7effbd-f939-4c45-8ebb-7da2b588796e||133|8641|27|34|0
147|c0a3eebb-d5dd-45e6-b1e2-822dd688a2e0||157|8695|27|34|0
148|24d43322-7756-44ec-82fd-b9b2a1b4256d||226|8774|27|35|0
149|82242bb5-635f-469d-b36e-37ea5361b939||189|8856|27|35|0
150|d9b868a0-8463-463f-8d54-c255e41c392c||190|8916|27|35|0
151|36a9cc79-3c0d-4efd-8df9-474955c3601a||192|8985|27|36|0
152|cb2bdbf7-8a14-450b-9bfc-81b6d9fe707f||190|9074|27|36|0
153|68ab4ef9-6bf2-435d-a100-56e926b0ce47||172|9142|27|36|0
154|ef5b9394-5c45-4d3c-b0ca-6c91b3872ac0||182|9208|27|36|0
155|518bb770-9e29-4c73-9308-df15755b8550||139|9255|27|36|0
156|419ab732-11cc-41c8-8ed6-1934350287fa||141|9312|32|37|0
157|979c5cd8-a5b3-4836-8135-a4258d6ff593||195|9383|32|37|0
158|83a1cdd2-b047-4333-bfe7-b177faa42013||194|9452|27|38|0
159|65a32c33-7624-4a1f-883b-dfa239906429||188|9530|27|38|0
160|6d869388-564f-4684-9937-4acdb540aa17||184|9591|27|38|0
161|21a0dd21-2b83-4f69-a8e3-050f1ad2df0f||182|9660|27|38|0
162|90da1cde-799c-448c-af8b-af99c7701380||189|9730|32|39|0
163|ae4ab7c4-bc1a-418d-8cec-1fd95bc1e0d9||140|9792|32|39|0
164|48a541b9-de52-43b0-9171-3b10ed2165db||210|9878|27|40|0
165|960a22ba-e266-43fe-b446-b3d698781d4b||207|9931|27|40|0
166|ab04d64f-21e0-4b6a-9cb9-0c46aaec60f1||255|8203|27|40|0
167|e1b46a3d-d4f5-41bb-938b-14990faabb86||259|10062|27|40|0
168|3c37fe5d-1e7c-4947-92cb-e2096241113e||163|10136|27|41|0
169|a3057346-a7d4-47f0-aa11-7e195776756e||188|10221|27|41|0
170|bc53a894-773d-4682-a7d4-6f8ae8b59100||153|10279|27|41|0
171|cc3babb2-da90-4b46-b804-1f4838e2462d||202|10322|27|42|0
172|7503dfd9-e4fe-4984-b380-65f5d8c3877c||221|10362|27|42|0
173|56ee1f18-1fd2-4650-ab20-a1327d7342df||247|10406|27|42|0
174|8128c47a-cd0b-4a32-ad7c-fc1e5f85da09||213|10442|27|42|0
175|8b5526a1-4956-4f19-b24c-1a8e9dc9a07a||151|10488|27|34|0
176|c39909a6-a647-4499-9af4-58e16bc37d40||98|10521|27|34|0
177|d7aca631-250d-4d39-8c10-6eb3a3e2c3a1||127|10562|27|34|0
178|8bb1515d-00f9-4090-8d7a-a687e79a84f4||220|10642|27|43|0
179|ca7aa835-cdb2-4ea9-8d68-5a1cbf3ad4bf||183|10680|27|43|0
180|ab4e1a02-00b9-4dc8-98c4-8b8f84bc8d56||191|10727|27|43|0
181|d8a233fc-5ac3-4774-9b49-02d41b169c3c||212|10727|27|43|0
182|25643332-ef5a-4c29-937c-782a00495eec||134|10789|27|35|0
183|d1ed884f-39c5-4785-b615-d295c1f900a0||220|10842|27|35|0
184|c4a01a9a-3fba-476c-8c05-3bb554e2ba14||224|8916|27|35|0
185|608e6b34-8f80-45c7-88e2-dfe91e81149a||150|10893|27|36|0
186|087260e3-c4ee-4309-ba87-a312f146c16e||208|8856|27|36|0
187|3696c1ee-3946-493c-ad29-8561d111ecd9||197|10362|27|36|0
188|03b8f42b-b57e-48ba-9fea-9d66f73f3f53||187|11012|27|36|0
189|4898fef4-6dec-45eb-a9fc-5859596a84be||163|10893|27|38|0
190|a3baf659-9d9f-471b-9676-bce03d1d713d||201|11045|27|38|0
191|1f1712b4-bd09-4827-aa8a-7659ca16e722||201|10362|27|38|0
192|7f411306-a04d-4ab9-88f2-a5b8b85bde8f||182|11062|27|38|0
193|c5eb456e-3c0e-4471-96da-2b0a88533fef||165|11084|27|40|0
194|2d04fe34-df3a-4a37-97ac-c85f363d0c13||195|7926|27|40|0
195|669c1c63-60e8-4ecf-a208-aaf64f17118c||218|8856|27|40|0
196|3bde246c-95c5-402f-b210-7580bbd02cf5||182|11084|27|44|0
197|7559f1b9-37b5-4fd7-9c33-00fb4246e88f||138|10789|27|44|0
198|06450cf6-d475-445e-9b3f-a8121d3f4b15||186|8856|27|44|0
199|8a804c5e-c650-4e0d-94f8-b2a16ba8b293||163|11211|27|45|0
200|f36dc84a-ff10-4e82-9325-4408eab17cfe||100|11229|27|45|0
201|ed4a3fac-19be-4525-872d-87440e7c11da||199|10727|27|45|0
202|e13e4ba1-adbc-4f57-91b1-c74c0629c5b3||165|11261|27|42|0
203|bf187def-925a-48f2-b90a-ebb2b60900ca||195|10727|27|42|0
204|d494b655-2668-4418-9dc9-aa019fb79a2f||140|11308|27|42|0
205|6c04e67e-aa7a-4fcb-aa12-6dadb38773fb||202|10322|27|42|0
206|ec8b8c59-de44-4898-9e82-862d065fa581||146|11045|27|46|0
207|deded8bb-4e3d-4995-b3ff-e4b2082de3db||146|11084|27|36|0
208|67b745cb-8d6d-496d-b28d-7c6605572570||179|10362|27|47|0
209|fc9b7ee2-65ad-4dab-9ce9-ce3d0cb5dd43||207|10727|27|38|0
210|a632b92a-652f-4d86-82ca-befc5d1303d6||153|11062|27|48|0
211|8712e6e1-150f-4a1e-ba76-400a05334e16||147|11407|27|48|0
212|0bae3b4d-324a-4339-b784-ee17788211e0||226|11444|27|48|0
214|7a8608e4-bda9-48b1-8df2-22daac7338dd||203|11523|49|51|0
215|645274d1-f944-422e-8b38-f07c997a898d||220|11574|49|51|0
216|8eb3ff17-72ca-464e-8989-520afdea91d7||140|11621|49|50|0
217|826897dc-43cf-450b-ae1d-8112395d9123||152|11655|49|50|0
218|9e19122a-92ba-4713-b367-8cf4b4662c04||168|2569|49|52|0
219|9ea36e8a-09e3-4007-bcdb-ee70235a5b7f||141|11757|49|52|0
220|51b4ebdf-53f9-4165-9023-0b20d0f453ec||137|11780|49|53|0
221|3ae0809f-9d68-47ee-87f1-c7da80f50348||132|11757|49|53|0
222|7588bdb1-9df4-4bd7-bb54-630b37440c6d||110|11826|49|54|0
223|32526c7d-f9a0-47e4-8810-16e8c17da72c||185|4297|49|54|0
224|f91ac69f-eae7-42ce-8f39-11c456530f64||164|11891|49|51|0
225|972768e2-5def-4e2a-8a91-fb93bcc76ff6||167|3934|49|55|0
226|0d508efc-56ec-4c7f-a06d-ee99131fe695||139|11993|49|50|0
227|c7400df1-9c4d-4e9c-a9cd-d44d009e8531||195|12084|49|56|0
228|3fa01daf-73ee-4ea6-bb6d-44d74ce16351||175|11621|49|56|0
229|35995d97-a386-4d8c-9359-0e85ed7ce1db||186|4297|49|56|0
230|34b99570-aa49-4171-88ca-741fe6bea336||216|3878|49|56|0
231|0206cab4-e0d3-4c2d-98b6-ef80fdd40342||100|12233|49|56|0
232|0476562a-e08a-4c60-a8e5-41312356250f||186|11655|49|55|0
233|fc9ed925-8130-4a24-8095-754a3c16d1c4||180|12289|49|55|0
234|a4c8f69a-964e-4c06-b143-a87d028c8f54||222|12326|49|55|0
235|7fe8ce60-8f1f-4741-a5ef-a11919a00b14||119|12337|49|57|0
236|6a2c958b-a6f9-4db7-816b-78d998f9fc4a||155|12354|49|57|0
237|f4f4bc87-06db-4c8f-b242-a4242fbe61b8||171|11891|49|58|0
238|1652a1d6-64c6-4f52-83dd-cc449aff2fb5||168|12449|49|58|0
239|b31dccbe-18f5-4044-85ce-10587ce24ee7||226|4309|49|59|0
240|5f1f88cd-37bd-40d5-9950-071390be8da0||186|12492|49|59|0
241|5ca90a20-abfd-400f-8301-9da65c207a25||123|12533|49|55|0
242|23c84058-3f87-4505-89e9-f1286e75dbb2||174|12561|49|55|0
243|60c6ffc7-1ba9-4e0d-92aa-132e04d7cf8b||151|2569|49|51|0
244|0b014363-c158-44b6-87aa-a44d75e4e185||155|12605|49|60|0
245|6f0a55dd-e301-4f51-a8c5-e4e871f8fa8e||195|12354|49|61|0
246|78069cbf-be5f-4b06-a28d-3d83ea837f16||189|12288|49|61|0
247|6ae099bb-eb16-4289-bf20-b30e244e3176||220|11574|49|61|0
248|5374e5bb-01a0-441c-8cc3-639c67c06cd0||209|4297|49|61|0
249|badb3c46-99c2-4b35-8c69-9fba0f7fea36||223|3878|49|62|0
250|bcdad3a0-e9b6-4f53-bed0-d774b0654b06||198|12354|49|62|0
251|9129d855-c6c2-4c44-9c17-5a1c96810ba6||200|12561|49|62|0
252|4bdba64d-0c51-4353-b25c-92b690b310f7||205|12561|49|62|0
253|501df552-bccd-481d-a584-416187cc3dd8||115|5121|49|62|0
254|88a8681b-f5dc-4788-8c37-5dbad0f81a00||141|2569|49|53|0
255|32db2d5c-b81d-48d4-8561-089a8cc79237||192|12718|49|53|0
256|cec51a10-dea9-40b3-82a3-80c4b158d632||181|11655|49|63|0
257|5ebb3719-5aba-42e6-801a-cc1147b579fe||150|12743|49|63|0
258|a10e4a7f-ecef-416b-aced-b19d7a628c8b||115|11635|49|64|0
259|32bc76bf-8a99-4f68-a7bc-39bb32d812c6||117|11891|49|53|0
260|6f018dd7-92e0-4994-9860-93f57ac62628||133|5142|49|53|0
261|9d2f136c-9c49-4ce8-9eaf-916d994d6a70||144|11757|49|65|0
262|495882d2-da61-45ec-b9a4-962832cbdef3||142|5142|49|65|0
263|af84827c-f5a3-4bfe-a7d7-d830c54e5e2b||185|12743|49|63|0
264|7e59eea5-b4df-4156-a4f1-01e60267d91c||209|12803|49|54|0
265|d651fc39-c0bf-4c1b-9b31-7639d21e5eb3||203|12354|49|54|0
266|4785fe2e-92a4-4dd8-9952-521c63edde9c||146|11826|49|54|0
267|6c65968b-b342-43e7-96bf-0a8ed06c0f68||173|11655|49|66|0
268|1efb7b59-fd80-4226-ac00-0575fdec494f||146|12897|49|66|0
269|1217f96b-ad4d-4934-9e5b-12566bee9008||164|12288|49|66|0
270|3bb5a474-1cd2-4840-91b6-528e74bb700f||190|4297|49|56|0
271|748d95a3-9ba9-402c-a716-bc24d67b6237||143|12940|49|56|0
272|f281c3c7-0e0e-4cf1-b736-4b911a1473b9||182|12492|49|56|0
273|a584279a-7e9f-41ae-bd81-eef39eba6b0e||161|12803|49|67|0
274|4533c339-0ea3-4fcd-ab2b-608eedd6deec||136|12969|49|68|0
275|97a80458-2661-403f-a65e-6b22c0ca5cea||199|4297|49|60|0
276|3c8c2fac-4fe3-42fe-ae75-db9659139f71||148|12561|49|69|0
277|af2ae976-77ae-4959-99f2-ee66f03dfee9||143|12605|49|69|0
278|a85637a2-b15b-4034-b874-dfc0c940df18||163|12354|49|70|0
279|e22baa35-2147-443a-8fef-d23b69d0f494||181|4297|49|70|0
280|8c7e6836-a361-409b-adec-3f5de8289bef||133|11651|49|51|0
281|50a9faa8-545c-4786-8432-f4ba322867ea||154|13015|49|51|0
282|e1635b94-a082-44d6-9d83-1cdd5235ecf2||175|12492|49|63|0
283|671a5bfe-0585-43d2-a21e-e13552f9a730||161|11621|49|55|0
284|7fd39e2f-c589-4c52-a41e-9b63b206671d||231|12326|49|55|0
285|00104df8-1b9b-4082-a142-3082cbf0f931||182|12803|49|55|0
286|076dfafb-fc41-4596-bf7b-593a23e0dc4d||146|12940|49|55|0
287|26759e10-1f48-4ffd-97e6-3b661fbe7345||211|11574|49|61|0
288|dd1a97fa-ba62-4cbd-91c6-82b0e67fbb67||169|11621|49|61|0
289|af0e6d47-7298-4f0a-bd11-60c770edf932||177|11655|49|61|0
290|98a8b02a-4474-4b8b-b57c-23e18b958e58||216|13082|49|54|0
291|ee83a847-6262-47ff-9b76-94244dfe09cc||174|13015|49|54|0
292|1f5c8080-c0d8-4e68-9057-2b2cc722034f||244|3934|49|54|0
293|641cc5b6-abc0-493a-bffa-8add3043a296||198|3934|49|54|0
294|3ab1daaf-c119-4d8e-b397-26985288a45b||155|13103|49|66|0
295|fece3bb7-0540-460b-b001-6e4943d49094||161|12561|49|66|0
296|73a2bd7a-0524-407e-820e-61cda12cb86d||169|13103|49|66|0
297|92a5068a-ccea-4341-8b24-9b7c0fce91a4||154|11621|49|63|0
298|aafa5c8f-9fb7-4507-b4df-210ae437f1a6||159|12288|49|63|0
299|ca39f957-52dc-41ae-bc94-6d8bf715a775||116|12605|49|63|0
300|0d400e76-c37f-4ebd-823d-e080d12f1295||169|13272|71|72|0
301|ecd31208-6ba4-41d1-9a95-0cecf78dc8f1||194|13342|71|73|0
302|25ed9d72-53d0-4afe-a319-2eab2af9c556||168|13422|71|74|0
303|a20f8a3c-f5a8-4308-aee7-33fea98843ab||150|13495|71|75|0
304|41e18d06-90be-4358-9ece-2a421ac815b2||154|13567|71|76|0
305|2fc4a8cb-3978-44b4-9290-826e70e78c93||201|13639|71|77|0
306|f9048f3a-2dca-4c8b-979b-7faa285082a6||184|13715|71|78|0
307|fb377e3c-edf4-49e6-9f01-015002b3cb7d||159|13778|71|79|0
308|cf80cca9-acce-4889-b673-69d954a28ba0||104|13819|80|81|0
309|839f2de4-36e5-4a22-b9e2-540dcd883858||120|13886|80|81|0
310|c1be8a55-4143-47b9-86e3-49e345dfedf1||147|13953|71|82|0
311|66a14411-4305-4c98-b54b-4ccd3299fca2||235|14062|71|82|0
312|346f001e-aedb-4434-b906-ce1f2745e8f2||218|14155|71|82|0
313|24f29ff4-baff-433a-927c-38d6034c82d5||184|14234|71|83|0
314|c354d997-2f0f-4c7a-97af-2cb0095a8c45||172|14306|71|83|0
315|d1db86f8-1e2d-4c88-9ce1-ff9dc5e74c23||209|14393|71|83|0
316|d09e758c-4ee6-4007-8d69-eb02cf8bdbd9||149|14458|71|84|0
317|9fbe1ef9-615b-4c06-9fa2-bdfefc5a8be2||210|14549|71|85|0
318|8c855f32-d5d8-4394-b315-312a44b7fae4||185|13639|71|86|0
320|dd224304-d856-4834-a266-321eb82a0e11||189|14702|71|88|0
321|5a9a6e6c-69a1-412b-a67d-5e348e8768b9||219|14799|71|89|0
322|1f23e7a5-319d-4379-b5f5-8a92fa77af99||211|14894|71|90|0
323|659cf39b-00e4-4b4f-b72f-6d6ab1b73a37||212|14978|71|88|0
324|dc764875-4069-494d-be25-4af81916c9d4||183|15051|80|91|0
325|48f23ea7-e983-4fa6-9453-1bab501e43f9||231|15199|80|91|0
326|8faf8418-ffc1-4ac6-8385-c101225bf5ed||154|15258|80|91|0
327|93f89c14-617d-4fd1-b087-745151cc58f8||170|15324|71|92|0
328|1db61bb9-f102-4072-bb8c-28b996a4ac58||195|15413|71|92|0
329|76509508-81c6-4013-92c7-c6172f4e11ca||195|15500|71|92|0
330|f2e16ec3-28fb-4419-b282-e26fcc3db72e||170|15612|71|77|0
331|65316327-4a49-46f7-8009-211bb91a133f||197|15703|71|77|0
332|bb80448a-7f06-4112-9082-71369d82e40c||225|15794|71|77|0
334|45090ec0-0948-4afd-b7e4-d49bfb65aea9||220|15877|71|93|0
335|b3b436fd-4eda-4480-8732-d7540ee1e55d||210|15960|71|93|0
336|7f91a30d-375c-4160-bbd7-ecea28ea8066||218|16044|71|93|0
337|e9a70289-9fef-4747-8fce-752972237a63||247|16155|71|94|0
338|d2c3ecc2-04dc-4580-941f-05a3aac418ab||240|16243|71|94|0
339|bb0fdec2-2f6d-4802-990b-6e0276239c2f||210|16323|71|94|0
340|42ccb135-b1ec-4c4e-8348-2842328a9781||243|16403|71|94|0
341|af5506ad-b2bd-4b08-90e8-7b8685409fd8||221|16495|71|95|0
342|267839e5-2299-445c-ae50-8c8eb4e5a093||181|16557|71|95|0
343|1d18efc7-17e5-4ec2-8ccf-f9b4ffad26a8||203|16643|71|95|0
344|bb074962-f3df-42b2-b5b2-753e679e1dcf||209|16730|71|96|0
345|699c74f4-b23e-46bf-b7e1-5d587ea355f2||217|16815|71|96|0
346|d6d37287-0c7f-4929-9a48-3c23ce38fd3b||286|16911|71|96|0
347|cc63fe47-db61-4fe7-b975-d66e35f6ae48||218|16999|71|96|0
348|6094e42c-d2fb-4984-acc5-03b4d6d6e8fc||120|17048|71|96|0
349|fc9568b3-b298-4e3f-bca8-eb42bcc9614c||152|17111|71|97|0
350|ca91218e-a36d-4880-ae62-f0fa6590eb26||174|17164|71|97|0
351|36d87446-09e1-45a9-aa68-bb19db9c9af0||156|17221|71|97|0
352|c73adac5-80fa-4453-9554-12f7ce9758a1||211|17309|71|92|0
353|5ede08be-0c6a-454f-a7a6-b171062d767b||220|17379|71|92|0
354|e1c9991f-fe14-4b11-b54c-e3a313d74575||170|17446|71|92|0
355|5c7e02ba-735d-4f38-84db-c2f3b06177cd||159|17512|80|98|0
356|d9ac6480-0793-4102-bf8d-6da75a699911||140|17565|80|98|0
357|2e2d35ad-8e5e-4460-b2f6-38f998be40f4||195|17641|71|94|0
358|7fb75bcb-d280-4c29-bc4e-2b1fa8e5b8d3||240|17743|71|94|0
359|33448c8f-976c-4908-91f4-725eaa15ad0b||139|17786|71|94|0
360|2be59df2-fa60-4fca-a5f4-089bc8df3423||170|17844|71|94|0
361|62eeda0c-b4d9-4059-9c3e-e2268c8ab146||204|17924|71|78|0
362|0cee8dc8-ef11-4206-8875-7c75e6bd2cc1||210|18005|71|78|0
363|cb870bd1-c212-4c60-9a98-850f292f7eb7||191|18094|71|78|0
364|19d2e003-f14f-4602-96a4-ae3d728d4bde||209|18195|71|96|0
365|7314be50-247e-4f47-bfec-eaaa44473c40||221|18271|71|96|0
366|5f425fa1-3f68-4599-8032-a7eaa5854d53||226|18332|71|96|0
367|6054d1a9-5711-4fa8-9732-c1ded5137da3||212|18376|71|96|0
369|1dfc2379-680b-4c1c-a536-c18dfd7368eb||231|18425|71|95|0
370|ca24659a-0ccf-4a28-9267-f2e2a113ea1a||168|18478|71|95|0
371|71578906-94a2-4db2-9455-ca85630fa0d0||178|18520|71|95|0
372|416f684d-b088-4619-a742-8cf66a19b8c0||201|18560|71|95|0
373|558e43d9-7918-4e10-aee4-7de9b2a51304||130|18583|71|95|0
374|8bc75a4f-f501-4a25-aacc-ea69fc76f07f||178|18643|71|99|0
375|02ed8bed-089c-42b6-9aac-d417865b0897||167|17221|71|99|0
376|eed2789a-a7b2-4f32-8bba-de55fde91095||150|18724|71|100|0
377|07bdc551-4188-4e36-a11d-f05490be1454||148|18760|71|100|0
